species,APC_name,family
Isoetes attenuata C.R.Marsden & Chinnock,Isoetes attenuata,Isoetaceae
Centella uniflora (Colenso) Nannf.,Centella uniflora,Apiaceae
Hydrocotyle comocarpa F.Muell.,Hydrocotyle comocarpa,Araliaceae
Hydrocotyle crassiuscula Tate,Hydrocotyle crassiuscula,Araliaceae
Hydrocotyle plebeya R.Br. ex A.Rich.,Hydrocotyle plebeya,Araliaceae
Cheiranthera volubilis Benth.,Cheiranthera volubilis,Pittosporaceae
Achnophora tatei F.Muell.,Achnophora tatei,Asteraceae
Angianthus conocephalus (J.M.Black) P.S.Short,Angianthus conocephalus,Asteraceae
Angianthus glabratus P.S.Short,Angianthus glabratus,Asteraceae
Angianthus phyllocalymmeus (F.Muell.) Druce,Angianthus phyllocalymmeus,Asteraceae
Basedowia tenerrima (F.Muell. & Tate) J.M.Black,Basedowia tenerrima,Asteraceae
Brachyscome breviscapis C.R.Carter,Brachyscome breviscapis,Asteraceae
Brachyscome campylocarpa J.M.Black,Brachyscome campylocarpa,Asteraceae
Brachyscome muelleri Sond.,Brachyscome muelleri,Asteraceae
Brachyscome xanthocarpa D.A.Cooke,Brachyscome xanthocarpa,Asteraceae
Calocephalus badmanii P.S.Short,Calocephalus badmanii,Asteraceae
Calotis breviradiata (Ising) G.L.Davis,Calotis breviradiata,Asteraceae
Cassinia tegulata Orchard,Cassinia tegulata,Asteraceae
Chondropyxis halophila D.A.Cooke,Chondropyxis halophila,Asteraceae
Coronidium densifolium J.M.Black ex N.G.Walsh,Coronidium densifolium,Asteraceae
Dimorphocoma minutula F.Muell. & Tate,Dimorphocoma minutula,Asteraceae
Eclipta alatocarpa Melville,Eclipta alatocarpa,Asteraceae
Eriochlamys cupularis N.G.Walsh,Eriochlamys cupularis,Asteraceae
Eriochlamys eremaea N.G.Walsh,Eriochlamys eremaea,Asteraceae
Erymophyllum hemisphaericum Paul G.Wilson,Erymophyllum hemisphaericum,Asteraceae
Ethuliopsis cunninghamii (Hook.) F.Muell.,Ethuliopsis cunninghamii,Asteraceae
Gratwickia monochaeta F.Muell.,Gratwickia monochaeta,Asteraceae
Haeckeria cassiniiformis F.Muell.,Haeckeria cassiniiformis,Asteraceae
Haegiela tatei (F.Muell.) P.S.Short & Paul G.Wilson,Haegiela tatei,Asteraceae
Hyalosperma stoveae (D.A.Cooke) Paul G.Wilson,Hyalosperma stoveae,Asteraceae
Iotasperma sessilifolium (F.Muell.) G.L.Nesom,Iotasperma sessilifolium,Asteraceae
Ixodia flindersica Copley,Ixodia flindersica,Asteraceae
Leptorhynchos melanocarpus Paul G.Wilson,Leptorhynchos melanocarpus,Asteraceae
Millotia incurva (D.A.Cooke) P.S.Short,Millotia incurva,Asteraceae
Millotia major (Turcz.) P.S.Short,Millotia major,Asteraceae
Minuria annua (Tate) J.M.Black,Minuria annua,Asteraceae
Myriocephalus squamatus Paul G.Wilson,Myriocephalus squamatus,Asteraceae
Olearia arckaringensis P.J.Lang,Olearia arckaringensis,Asteraceae
Olearia arida E.Pritz.,Olearia arida,Asteraceae
Ozothamnus scaber F.Muell.,Ozothamnus scaber,Asteraceae
Pycnosorus eremaeus J.Everett & Doust,Pycnosorus eremaeus,Asteraceae
Rhodanthe gossypina Paul G.Wilson,Rhodanthe gossypina,Asteraceae
Rhodanthe haigii (F.Muell.) Paul G.Wilson,Rhodanthe haigii,Asteraceae
Senecio eremicola I.Thomps.,Senecio eremicola,Asteraceae
Senecio euclaensis I.Thomps.,Senecio euclaensis,Asteraceae
Senecio gawlerensis M.E.Lawr.,Senecio gawlerensis,Asteraceae
Senecio gypsicola (R.J.Bates) I.Thomps.,Senecio gypsicola,Asteraceae
Senecio halophilus I.Thomps.,Senecio halophilus,Asteraceae
Senecio helichrysoides F.Muell.,Senecio helichrysoides,Asteraceae
Senecio laceratus (F.Muell.) Belcher,Senecio laceratus,Asteraceae
Senecio longicollaris I.Thomps.,Senecio longicollaris,Asteraceae
Senecio pilosicristus I.Thomps.,Senecio pilosicristus,Asteraceae
Senecio serratiformis I.Thomps.,Senecio serratiformis,Asteraceae
Tietkensia corrickiae P.S.Short,Tietkensia corrickiae,Asteraceae
Vittadinia condyloides N.T.Burb.,Vittadinia condyloides,Asteraceae
Vittadinia nullarborensis N.T.Burb.,Vittadinia nullarborensis,Asteraceae
Xerochrysum halmaturorum Paul G.Wilson,Xerochrysum halmaturorum,Asteraceae
Isotoma luticola Carolin,Isotoma luticola,Campanulaceae
Lobelia cleistogamoides N.G.Walsh & Albr.,Lobelia cleistogamoides,Campanulaceae
Wahlenbergia aridicola P.J.Sm.,Wahlenbergia aridicola,Campanulaceae
Goodenia asteriscus P.J.Lang,Goodenia asteriscus,Goodeniaceae
Goodenia brunnea Carolin,Goodenia brunnea,Goodeniaceae
Goodenia lobata Ising,Goodenia lobata,Goodeniaceae
Goodenia valdentata P.J.Lang,Goodenia valdentata,Goodeniaceae
Lechenaultia aphylla D.A.Morrison,Lechenaultia aphylla,Goodeniaceae
Scaevola collina J.M.Black ex E.L.Robertson,Scaevola collina,Goodeniaceae
Scaevola obovata Carolin,Scaevola obovata,Goodeniaceae
Stylidium tepperianum (F.Muell.) Mildbr.,Stylidium tepperianum,Stylidiaceae
Embadium johnstonii Ising,Embadium johnstonii,Boraginaceae
Embadium stagnense J.M.Black,Embadium stagnense,Boraginaceae
Embadium uncinatum Ising,Embadium uncinatum,Boraginaceae
Heliotropium tanythrix Craven,Heliotropium tanythrix,Boraginaceae
Plagiobothrys elachanthus (F.Muell.) I.M.Johnst.,Plagiobothrys elachanthus,Boraginaceae
Plagiobothrys orthostatus J.M.Black,Plagiobothrys orthostatus,Boraginaceae
Acrotriche halmaturina B.R.Paterson,Acrotriche halmaturina,Ericaceae
Gentianella clelandii (L.G.Adams) Glenny,Gentianella clelandii,Gentianaceae
Logania insularis J.M.Black,Logania insularis,Loganiaceae
Logania scabrella B.J.Conn,Logania scabrella,Loganiaceae
Asperula syrticola (Miq.) Toelken,Asperula syrticola,Rubiaceae
Asperula tetraphylla (Airy Shaw & Turrill) I.Thomps.,Asperula tetraphylla,Rubiaceae
Galium bulliformis I.Thomps.,Galium bulliformis,Rubiaceae
Galium microlobum I.Thomps.,Galium microlobum,Rubiaceae
Psydrax suaveolens (S.Moore) S.T.Reynolds & R.J.F.Hend.,Psydrax suaveolens,Rubiaceae
Mentha atrolilacina B.J.Conn & D.J.Duval,Mentha atrolilacina,Lamiaceae
Prostanthera ammophila B.J.Conn,Prostanthera ammophila,Lamiaceae
Utricularia fenshamii R.W.Jobson,Utricularia fenshamii,Lentibulariaceae
Peplidium foecundum W.R.Barker,Peplidium foecundum,Phrymaceae
Callitriche umbonata Hegelm.,Callitriche umbonata,Plantaginaceae
Veronica parnkalliana J.M.Black,Veronica parnkalliana,Plantaginaceae
Eremophila arenaria Chinnock,Eremophila arenaria,Scrophulariaceae
Eremophila barbata Chinnock,Eremophila barbata,Scrophulariaceae
Eremophila pentaptera J.M.Black,Eremophila pentaptera,Scrophulariaceae
Eremophila verrucosa Chinnock,Eremophila verrucosa,Scrophulariaceae
Limosella granitica W.R.Barker,Limosella granitica,Scrophulariaceae
Bonamia deserticola R.W.Johnson,Bonamia deserticola,Convolvulaceae
Convolvulus eyreanus R.W.Johnson,Convolvulus eyreanus,Convolvulaceae
Convolvulus recurvatus R.W.Johnson,Convolvulus recurvatus,Convolvulaceae
Nicotiana faucicola Conran & M.W.Chase,Nicotiana faucicola,Solanaceae
Nicotiana yandinga M.W.Chase & Christenh.,Nicotiana yandinga,Solanaceae
Solanum capsiciforme (Domin) G.T.S.Baylis,Solanum capsiciforme,Solanaceae
Solanum eremophilum F.Muell.,Solanum eremophilum,Solanaceae
Solanum lobatum A.R.Bean,Solanum lobatum,Solanaceae
Solanum osteocarpum A.R.Bean,Solanum osteocarpum,Solanaceae
Solanum pallidifolium A.R.Bean,Solanum pallidifolium,Solanaceae
Gunniopsis calva Chinnock,Gunniopsis calva,Aizoaceae
Gunniopsis tenuifolia Chinnock,Gunniopsis tenuifolia,Aizoaceae
Ptilotus disparilis Lally,Ptilotus disparilis,Amaranthaceae
Ptilotus propinquus Lally,Ptilotus propinquus,Amaranthaceae
Ptilotus robynsianus Benl,Ptilotus robynsianus,Amaranthaceae
Polycarpaea arida Pedley,Polycarpaea arida,Caryophyllaceae
Atriplex acutiloba R.H.Anderson,Atriplex acutiloba,Chenopodiaceae
Atriplex cordifolia J.M.Black,Atriplex cordifolia,Chenopodiaceae
Atriplex cryptocarpa Aellen,Atriplex cryptocarpa,Chenopodiaceae
Atriplex eichleri Aellen,Atriplex eichleri,Chenopodiaceae
Atriplex incrassata F.Muell.,Atriplex incrassata,Chenopodiaceae
Atriplex intermedia R.H.Anderson,Atriplex intermedia,Chenopodiaceae
Atriplex kochiana Maiden,Atriplex kochiana,Chenopodiaceae
Atriplex macropterocarpa (Aellen) H.Eichler,Atriplex macropterocarpa,Chenopodiaceae
Atriplex morrisii R.H.Anderson,Atriplex morrisii,Chenopodiaceae
Atriplex nessorhina S.W.L.Jacobs,Atriplex nessorhina,Chenopodiaceae
Atriplex obconica Paul G.Wilson,Atriplex obconica,Chenopodiaceae
Atriplex papillata J.H.Willis,Atriplex papillata,Chenopodiaceae
Chenopodium gaudichaudianum (Moq.) Paul G.Wilson,Chenopodium gaudichaudianum,Chenopodiaceae
Dissocarpus latifolius (J.M.Black) Paul G.Wilson,Dissocarpus latifolius,Chenopodiaceae
Maireana microcarpa (Benth.) Paul G.Wilson,Maireana microcarpa,Chenopodiaceae
Malacocera albolanata (Ising) Chinnock,Malacocera albolanata,Chenopodiaceae
Malacocera biflora Ising,Malacocera biflora,Chenopodiaceae
Malacocera gracilis Chinnock,Malacocera gracilis,Chenopodiaceae
Osteocarpum pentapterum (F.Muell. & Tate) Volkens,Osteocarpum pentapterum,Chenopodiaceae
Rhagodia drummondii Moq.,Rhagodia drummondii,Chenopodiaceae
Sclerolaena articulata (J.M.Black) A.J.Scott,Sclerolaena articulata,Chenopodiaceae
Sclerolaena blackiana (Ising) A.J.Scott,Sclerolaena blackiana,Chenopodiaceae
Sclerolaena fontinalis Paul G.Wilson,Sclerolaena fontinalis,Chenopodiaceae
Sclerolaena holtiana (Ising) A.J.Scott,Sclerolaena holtiana,Chenopodiaceae
Sclerolaena symoniana (Ising) A.J.Scott,Sclerolaena symoniana,Chenopodiaceae
Tecticornia cupuliformis (Paul G.Wilson) K.A.Sheph. & Paul G.Wilson,Tecticornia cupuliformis,Chenopodiaceae
Tecticornia fontinalis (Paul G.Wilson) K.A.Sheph. & Paul G.Wilson,Tecticornia fontinalis,Chenopodiaceae
Tecticornia medullosa (Paul G.Wilson) K.A.Sheph. & Paul G.Wilson,Tecticornia medullosa,Chenopodiaceae
Threlkeldia inchoata (J.M.Black) J.M.Black,Threlkeldia inchoata,Chenopodiaceae
Frankenia orthotricha (J.M.Black) J.M.Black,Frankenia orthotricha,Frankeniaceae
Frankenia plicata Melville,Frankenia plicata,Frankeniaceae
Boerhavia schomburgkiana Oliv.,Boerhavia schomburgkiana,Nyctaginaceae
Calandrinia sphaerophylla J.M.Black,Calandrinia sphaerophylla,Portulacaceae
Cassytha flindersii (J.Z.Weber) J.Z.Weber,Cassytha flindersii,Lauraceae
Triglochin trichophora Nees,Triglochin trichophora,Juncaginaceae
Posidonia denhartogii J.Kuo & Cambridge,Posidonia denhartogii,Posidoniaceae
Althenia australis (J.Drumm. ex Harv.) F.Muell.,Althenia australis,Potamogetonaceae
Althenia bilocularis (Kirk) Cockayne,Althenia bilocularis,Potamogetonaceae
Althenia marina (E.L.Robertson) Yu Ito,Althenia marina,Potamogetonaceae
Althenia patentifolia (E.L.Robertson) T.D.Macfarl. & D.D.Sokoloff,Althenia patentifolia,Potamogetonaceae
Althenia preissii (Lehm.) F.Muell.,Althenia preissii,Potamogetonaceae
Potamogeton reduncus Hagstr.,Potamogeton reduncus,Potamogetonaceae
Zannichellia palustris L.,Zannichellia palustris,Potamogetonaceae
Heterozostera polychlamys J.Kuo,Heterozostera polychlamys,Zosteraceae
Crinum luteolum Traub & L.S.Hannibal ex Traub,Crinum luteolum,Amaryllidaceae
Caladenia campestris (R.J.Bates) R.J.Bates,Caladenia campestris,Orchidaceae
Caladenia coactilis D.L.Jones,Caladenia coactilis,Orchidaceae
Caladenia diversiflora (R.J.Bates) R.J.Bates,Caladenia diversiflora,Orchidaceae
Caladenia hesperia D.L.Jones & M.A.Clem.,Caladenia hesperia,Orchidaceae
Caladenia isolata (R.J.Bates) D.L.Jones & M.A.Clem.,Caladenia isolata,Orchidaceae
Caladenia littoricola R.J.Bates,Caladenia littoricola,Orchidaceae
Caladenia xantholeuca D.L.Jones,Caladenia xantholeuca,Orchidaceae
Corybas minimus (R.J.Bates) R.J.Bates,Corybas minimus,Orchidaceae
Diuris calcicola R.J.Bates,Diuris calcicola,Orchidaceae
Diuris inundata D.L.Jones & R.J.Bates,Diuris inundata,Orchidaceae
Eriochilus paludosus D.L.Jones & R.J.Bates,Eriochilus paludosus,Orchidaceae
Microtis gracilenta R.J.Bates,Microtis gracilenta,Orchidaceae
Prasophyllum asinantum R.J.Bates,Prasophyllum asinantum,Orchidaceae
Prasophyllum catenemum D.L.Jones,Prasophyllum catenemum,Orchidaceae
Prasophyllum collinum D.L.Jones,Prasophyllum collinum,Orchidaceae
Prasophyllum laxum R.J.Bates,Prasophyllum laxum,Orchidaceae
Prasophyllum praecox D.L.Jones,Prasophyllum praecox,Orchidaceae
Prasophyllum rotundiflorum R.S.Rogers,Prasophyllum rotundiflorum,Orchidaceae
Pterostylis bracteata (D.L.Jones & R.J.Bates) J.M.H.Shaw,Pterostylis bracteata,Orchidaceae
Pterostylis extensa (D.L.Jones) D.L.Jones,Pterostylis extensa,Orchidaceae
Pterostylis foliacea (D.L.Jones) D.L.Jones,Pterostylis foliacea,Orchidaceae
Pterostylis limbata (D.L.Jones & R.J.Bates) J.M.H.Shaw,Pterostylis limbata,Orchidaceae
Pterostylis multisignata (D.L.Jones) D.L.Jones,Pterostylis multisignata,Orchidaceae
Pterostylis ovata M.A.Clem.,Pterostylis ovata,Orchidaceae
Pterostylis petiolata (D.L.Jones) D.L.Jones,Pterostylis petiolata,Orchidaceae
Pterostylis simulans R.J.Bates,Pterostylis simulans,Orchidaceae
Pterostylis terminalis (D.L.Jones & R.J.Bates) J.M.H.Shaw,Pterostylis terminalis,Orchidaceae
Thelymitra abrupta R.J.Bates,Thelymitra abrupta,Orchidaceae
Thelymitra corrugata R.J.Bates,Thelymitra corrugata,Orchidaceae
Thelymitra crenulata R.J.Bates,Thelymitra crenulata,Orchidaceae
Thelymitra latifolia R.J.Bates,Thelymitra latifolia,Orchidaceae
Thelymitra odora R.J.Bates,Thelymitra odora,Orchidaceae
Thelymitra orientalis R.J.Bates,Thelymitra orientalis,Orchidaceae
Thelymitra rubricaulis R.J.Bates,Thelymitra rubricaulis,Orchidaceae
Thelymitra tubulina R.J.Bates,Thelymitra tubulina,Orchidaceae
Wurmbea decumbens R.J.Bates,Wurmbea decumbens,Colchicaceae
Wurmbea nilpinna R.J.Bates,Wurmbea nilpinna,Colchicaceae
Bulbostylis pyriformis S.T.Blake,Bulbostylis pyriformis,Cyperaceae
Bulbostylis turbinata S.T.Blake,Bulbostylis turbinata,Cyperaceae
Eleocharis papillosa Latz,Eleocharis papillosa,Cyperaceae
Eleocharis setifolia (A.Rich.) J.Raynal,Eleocharis setifolia,Cyperaceae
Gahnia halmaturina R.L.Barrett & K.L.Wilson,Gahnia halmaturina,Cyperaceae
Gahnia hystrix J.M.Black,Gahnia hystrix,Cyperaceae
Lepidosperma gahnioides R.L.Barrett,Lepidosperma gahnioides,Cyperaceae
"Lepidosperma hispidulum G.T.Plunkett, J.J.Bruhl & K.L.Wilson",Lepidosperma hispidulum,Cyperaceae
Machaerina laxa (Nees) T.Koyama,Machaerina laxa,Cyperaceae
Schoenoplectiella lateriflora (J.F.Gmel.) Lye,Schoenoplectiella lateriflora,Cyperaceae
Schoenus discifer Tate,Schoenus discifer,Cyperaceae
Schoenus fluitans Hook.f.,Schoenus fluitans,Cyperaceae
Schoenus laevigatus W.Fitzg.,Schoenus laevigatus,Cyperaceae
Schoenus racemosus J.M.Black,Schoenus racemosus,Cyperaceae
Schoenus sculptus (Nees) Boeckeler,Schoenus sculptus,Cyperaceae
Amphibromus pithogastrus S.W.L.Jacobs & Lapinpuro,Amphibromus pithogastrus,Poaceae
Amphibromus sinuatus S.W.L.Jacobs & Lapinpuro,Amphibromus sinuatus,Poaceae
Anthosachne rectiseta (Nees) Barkworth & S.W.L.Jacobs,Anthosachne rectiseta,Poaceae
Aristida australis B.K.Simon,Aristida australis,Poaceae
Aristida biglandulosa J.M.Black,Aristida biglandulosa,Poaceae
Aristida strigosa (Henrard) S.T.Blake ex J.M.Black,Aristida strigosa,Poaceae
"Austrostipa echinata (Vickery, S.W.L.Jacobs & J.Everett) S.W.L.Jacobs & J.Everett",Austrostipa echinata,Poaceae
"Austrostipa lanata (Vickery, S.W.L.Jacobs & J.Everett) S.W.L.Jacobs & J.Everett",Austrostipa lanata,Poaceae
Austrostipa multispiculis (J.M.Black) S.W.L.Jacobs & J.Everett,Austrostipa multispiculis,Poaceae
Austrostipa petraea (Vickery) S.W.L.Jacobs & J.Everett,Austrostipa petraea,Poaceae
Austrostipa pilata (S.W.L.Jacobs & J.Everett) S.W.L.Jacobs & J.Everett,Austrostipa pilata,Poaceae
Austrostipa plumigera (Hughes) S.W.L.Jacobs & J.Everett,Austrostipa plumigera,Poaceae
Austrostipa tuckeri (F.Muell.) S.W.L.Jacobs & J.Everett,Austrostipa tuckeri,Poaceae
Cynodon simonii P.M.Peterson,Cynodon simonii,Poaceae
Deyeuxia densa Benth.,Deyeuxia densa,Poaceae
Echinochloa lacunaria (F.Muell.) P.W.Michael & Vickery,Echinochloa lacunaria,Poaceae
Festuca benthamiana Vickery,Festuca benthamiana,Poaceae
Lachnagrostis batesii A.J.Br.,Lachnagrostis batesii,Poaceae
Lachnagrostis limitanea (J.M.Black) S.W.L.Jacobs,Lachnagrostis limitanea,Poaceae
Lachnagrostis palustris A.J.Br.,Lachnagrostis palustris,Poaceae
Lachnagrostis perennis (Vickery) A.J.Br.,Lachnagrostis perennis,Poaceae
Lachnagrostis punicea (A.J.Br. & N.G.Walsh) S.W.L.Jacobs,Lachnagrostis punicea,Poaceae
Lachnagrostis robusta (Vickery) S.W.L.Jacobs,Lachnagrostis robusta,Poaceae
Neurachne lanigera S.T.Blake,Neurachne lanigera,Poaceae
Poa fax J.H.Willis & Court,Poa fax,Poaceae
Puccinellia decumbens A.R.Williams,Puccinellia decumbens,Poaceae
Sporobolus blakei De Nardi ex B.K.Simon,Sporobolus blakei,Poaceae
Triodia helmsii (C.E.Hubb.) Lazarides,Triodia helmsii,Poaceae
Desmocladus diacolpicus B.G.Briggs & L.A.S.Johnson,Desmocladus diacolpicus,Restionaceae
Lepyrodia valliculae J.M.Black,Lepyrodia valliculae,Restionaceae
Hibbertia sessiliflora Toelken,Hibbertia sessiliflora,Dilleniaceae
Crassula extrorsa Toelken,Crassula extrorsa,Crassulaceae
Haloragis eichleri Orchard,Haloragis eichleri,Haloragaceae
Haloragis myriocarpa Orchard,Haloragis myriocarpa,Haloragaceae
Myriophyllum amphibium Labill.,Myriophyllum amphibium,Haloragaceae
Myriophyllum glomeratum Schindl.,Myriophyllum glomeratum,Haloragaceae
Hakea aenigma W.R.Barker & Haegi,Hakea aenigma,Proteaceae
Ranunculus hamatosetosus H.Eichler,Ranunculus hamatosetosus,Ranunculaceae
Arabidella filifolia (F.Muell.) E.A.Shaw,Arabidella filifolia,Brassicaceae
Arabidella procumbens (Tate) E.A.Shaw,Arabidella procumbens,Brassicaceae
Carinavalva glauca Ising,Carinavalva glauca,Brassicaceae
Lepidium desvauxii Thell.,Lepidium desvauxii,Brassicaceae
Lepidium muelleri-ferdinandi Thell.,Lepidium muelleri-ferdinandi,Brassicaceae
Lepidium pseudoruderale Thell.,Lepidium pseudoruderale,Brassicaceae
Lepidium sagittulatum Thell.,Lepidium sagittulatum,Brassicaceae
Menkea lutea E.A.Shaw,Menkea lutea,Brassicaceae
Microlepidium alatum (J.M.Black) E.A.Shaw,Microlepidium alatum,Brassicaceae
Microlepidium pilosulum F.Muell.,Microlepidium pilosulum,Brassicaceae
Phlegmatospermum eremaeum (J.M.Black) E.A.Shaw,Phlegmatospermum eremaeum,Brassicaceae
Phlegmatospermum richardsii (F.Muell.) E.A.Shaw,Phlegmatospermum richardsii,Brassicaceae
Scambopus curvipes (F.Muell.) O.E.Schulz,Scambopus curvipes,Brassicaceae
Stenopetalum saxatile Keighery,Stenopetalum saxatile,Brassicaceae
Stackhousia annua W.R.Barker,Stackhousia annua,Celastraceae
Acacia hexaneura P.J.Lang & R.S.Cowan,Acacia hexaneura,Fabaceae
Acacia praemorsa P.J.Lang & Maslin,Acacia praemorsa,Fabaceae
Bossiaea peninsularis I.Thomps.,Bossiaea peninsularis,Fabaceae
Pultenaea insularis J.Z.Weber,Pultenaea insularis,Fabaceae
Pultenaea kraehenbuehlii P.J.Lang,Pultenaea kraehenbuehlii,Fabaceae
Swainsona adenophylla J.M.Black,Swainsona adenophylla,Fabaceae
Swainsona dictyocarpa J.M.Black,Swainsona dictyocarpa,Fabaceae
Swainsona disjuncta Joy Thomps.,Swainsona disjuncta,Fabaceae
Swainsona fuscoviridis Joy Thomps.,Swainsona fuscoviridis,Fabaceae
Swainsona microcalyx J.M.Black,Swainsona microcalyx,Fabaceae
Swainsona minutiflora A.T.Lee,Swainsona minutiflora,Fabaceae
Swainsona vestita Joy Thomps.,Swainsona vestita,Fabaceae
Templetonia incrassata I.Thomps.,Templetonia incrassata,Fabaceae
Allocasuarina robusta (Macklin) L.A.S.Johnson,Allocasuarina robusta,Casuarinaceae
"Erodium janszii Alarcon, Aldasoro, C.Navarro & C.Aedo",Erodium janszii,Geraniaceae
Bergia diacheiron Verdon ex G.J.Leach,Bergia diacheiron,Elatinaceae
Bergia occultipetala G.J.Leach,Bergia occultipetala,Elatinaceae
Beyeria subtecta J.M.Black,Beyeria subtecta,Euphorbiaceae
Euphorbia papillata Halford & W.K.Harris,Euphorbia papillata,Euphorbiaceae
Euphorbia thelephora Halford & W.K.Harris,Euphorbia thelephora,Euphorbiaceae
Euphorbia verrucitesta Halford & W.K.Harris,Euphorbia verrucitesta,Euphorbiaceae
Euphorbia victoriensis Halford & W.K.Harris,Euphorbia victoriensis,Euphorbiaceae
Pseudanthus micranthus Benth.,Pseudanthus micranthus,Euphorbiaceae
Phyllanthus oblanceolatus J.T.Hunter & J.J.Bruhl,Phyllanthus oblanceolatus,Phyllanthaceae
Althaea australis W.R.Barker,Althaea australis,Malvaceae
Androcalva multiloba (C.F.Wilkins & Whitlock) C.F.Wilkins & Whitlock,Androcalva multiloba,Malvaceae
Gilesia biniflora F.Muell.,Gilesia biniflora,Malvaceae
Pimelea penicillaris F.Muell.,Pimelea penicillaris,Thymelaeaceae
Lythrum wilsonii Hewson,Lythrum wilsonii,Lythraceae
Calytrix gypsophila Craven,Calytrix gypsophila,Myrtaceae
Darwinia salina Craven & S.R.Jones,Darwinia salina,Myrtaceae
Eucalyptus cajuputea Miq.,Eucalyptus cajuputea,Myrtaceae
Melaleuca nanophylla Carrick,Melaleuca nanophylla,Myrtaceae
Micromyrtus fimbrisepala J.W.Green,Micromyrtus fimbrisepala,Myrtaceae
Thryptomene biseriata J.W.Green,Thryptomene biseriata,Myrtaceae
Thryptomene longifolia J.W.Green,Thryptomene longifolia,Myrtaceae
Spyridium coalitum Kellermann & W.R.Barker,Spyridium coalitum,Rhamnaceae
Spyridium erymnocladum W.R.Barker,Spyridium erymnocladum,Rhamnaceae
Spyridium fontis-woodii Kellermann & W.R.Barker,Spyridium fontis-woodii,Rhamnaceae
Spyridium scabridum (Tate) Kellermann & W.R.Barker,Spyridium scabridum,Rhamnaceae
Stenanthemum arens K.R.Thiele,Stenanthemum arens,Rhamnaceae
Aphanes pumila Rothm.,Aphanes pumila,Rosaceae
Potentilla nanopetala A.R.Bean,Potentilla nanopetala,Rosaceae
Parietaria australis (Nees) Blume,Parietaria australis,Urticaceae
Dodonaea intricata J.G.West,Dodonaea intricata,Sapindaceae
Dodonaea tepperi F.Muell. ex Tepper,Dodonaea tepperi,Sapindaceae
Roepera flava (H.Eichler ex R.M.Barker) Beier & Thulin,Roepera flava,Zygophyllaceae
Roepera halophila (R.M.Barker) Beier & Thulin,Roepera halophila,Zygophyllaceae
Roepera humillima (M.Koch ex Tate) Beier & Thulin,Roepera humillima,Zygophyllaceae
Roepera hybrida (Tate) Beier & Thulin,Roepera hybrida,Zygophyllaceae
Roepera kochii (Tate) Beier & Thulin,Roepera kochii,Zygophyllaceae
Tribulus minutus Leichh. ex Benth.,Tribulus minutus,Zygophyllaceae
Olax obcordata A.S.George,Olax obcordata,Olacaceae
Korthalsella leucothrix Barlow,Korthalsella leucothrix,Santalaceae
Marsilea cryptocarpa Albr. & Chinnock,Marsilea cryptocarpa,Marsileaceae
