species,APC_name,family
Isoetes cristata C.R.Marsden & Chinnock,Isoetes cristata,Isoetaceae
Trachymene dusenii (Domin) F.M.Bailey,Trachymene dusenii,Araliaceae
Trachymene glandulosa (F.Muell.) Benth.,Trachymene glandulosa,Araliaceae
Trachymene inflata Maconochie,Trachymene inflata,Araliaceae
Trachymene longipedunculata Maconochie,Trachymene longipedunculata,Araliaceae
Trachymene umbratica J.M.Hart,Trachymene umbratica,Araliaceae
Trachymene villosa (F.Muell.) Benth.,Trachymene villosa,Araliaceae
Acunniana procumbens (DC.) Orchard,Acunniana procumbens,Asteraceae
Apowollastonia hibernica Orchard,Apowollastonia hibernica,Asteraceae
Apowollastonia verbesinoides (F.Muell. ex Benth.) Orchard,Apowollastonia verbesinoides,Asteraceae
Athroisma laciniatum DC.,Athroisma laciniatum,Asteraceae
Blainvillea calcicola Orchard,Blainvillea calcicola,Asteraceae
Blainvillea cunninghamii (DC.) Orchard,Blainvillea cunninghamii,Asteraceae
Blumea benthamiana Domin,Blumea benthamiana,Asteraceae
Blumea psammophila Dunlop,Blumea psammophila,Asteraceae
Blumea pungens W.Fitzg.,Blumea pungens,Asteraceae
Calotis xanthosioidea Domin,Calotis xanthosioidea,Asteraceae
Cyanthillium patulum (Aiton) H.Rob.,Cyanthillium patulum,Asteraceae
Diodontium filifolium F.Muell.,Diodontium filifolium,Asteraceae
Eclipta alatocarpa Melville,Eclipta alatocarpa,Asteraceae
Eriochlamys eremaea N.G.Walsh,Eriochlamys eremaea,Asteraceae
Iotasperma sessilifolium (F.Muell.) G.L.Nesom,Iotasperma sessilifolium,Asteraceae
Minuria macrorhiza (DC.) Lander,Minuria macrorhiza,Asteraceae
Minuria tridens (D.A.Cooke) Lander,Minuria tridens,Asteraceae
Olearia arida E.Pritz.,Olearia arida,Asteraceae
Ozothamnus filifolius Puttock,Ozothamnus filifolius,Asteraceae
Pentalepis ecliptoides F.Muell.,Pentalepis ecliptoides,Asteraceae
Pentalepis grandis E.W.Cross,Pentalepis grandis,Asteraceae
Pentalepis kakaduensis E.W.Cross,Pentalepis kakaduensis,Asteraceae
Pluchea macdonnellensis Albr. & A.R.Bean,Pluchea macdonnellensis,Asteraceae
Pluchea mesotes A.R.Bean,Pluchea mesotes,Asteraceae
Podolepis remota Jeanes,Podolepis remota,Asteraceae
Pterocaulon discolor A.R.Bean,Pterocaulon discolor,Asteraceae
Pterocaulon niveum Cabrera & Ragonese,Pterocaulon niveum,Asteraceae
Pterocaulon paradoxum A.R.Bean,Pterocaulon paradoxum,Asteraceae
Pterocaulon tricholobum A.R.Bean,Pterocaulon tricholobum,Asteraceae
Pycnosorus eremaeus J.Everett & Doust,Pycnosorus eremaeus,Asteraceae
Rhodanthe gossypina Paul G.Wilson,Rhodanthe gossypina,Asteraceae
Senecio eremicola I.Thomps.,Senecio eremicola,Asteraceae
Senecio laceratus (F.Muell.) Belcher,Senecio laceratus,Asteraceae
Thespidium basiflorum (F.Muell.) F.Muell. ex Benth.,Thespidium basiflorum,Asteraceae
Tietkensia corrickiae P.S.Short,Tietkensia corrickiae,Asteraceae
Isotoma gulliveri F.Muell.,Isotoma gulliveri,Campanulaceae
Isotoma luticola Carolin,Isotoma luticola,Campanulaceae
Goodenia asteriscus P.J.Lang,Goodenia asteriscus,Goodeniaceae
Goodenia brunnea Carolin,Goodenia brunnea,Goodeniaceae
Goodenia campestris Carolin,Goodenia campestris,Goodeniaceae
Goodenia chthonocephala Carolin,Goodenia chthonocephala,Goodeniaceae
Goodenia cylindrocarpa Albr.,Goodenia cylindrocarpa,Goodeniaceae
Goodenia durackiana Carolin,Goodenia durackiana,Goodeniaceae
Goodenia kakadu Carolin,Goodenia kakadu,Goodeniaceae
Goodenia nigrescens Carolin,Goodenia nigrescens,Goodeniaceae
Goodenia oenpelliensis R.L.Barrett,Goodenia oenpelliensis,Goodeniaceae
Goodenia potamica Carolin,Goodenia potamica,Goodeniaceae
Goodenia quadrifida (Carolin) Carolin,Goodenia quadrifida,Goodeniaceae
Goodenia rupestris Carolin,Goodenia rupestris,Goodeniaceae
Goodenia subauriculata C.T.White,Goodenia subauriculata,Goodeniaceae
Goodenia virgata Carolin,Goodenia virgata,Goodeniaceae
Goodenia viscidula Carolin,Goodenia viscidula,Goodeniaceae
Lechenaultia ovata D.A.Morrison,Lechenaultia ovata,Goodeniaceae
Scaevola collina J.M.Black ex E.L.Robertson,Scaevola collina,Goodeniaceae
Scaevola graminea Ewart & A.H.K.Petrie,Scaevola graminea,Goodeniaceae
Scaevola obovata Carolin,Scaevola obovata,Goodeniaceae
Stylidium accedens A.R.Bean,Stylidium accedens,Stylidiaceae
Stylidium divergens A.R.Bean,Stylidium divergens,Stylidiaceae
Stylidium exiguum A.R.Bean,Stylidium exiguum,Stylidiaceae
Stylidium nominatum Carlquist,Stylidium nominatum,Stylidiaceae
Stylidium notabile A.R.Bean,Stylidium notabile,Stylidiaceae
Stylidium simulans Carlquist,Stylidium simulans,Stylidiaceae
Stylidium symonii Carlquist,Stylidium symonii,Stylidiaceae
Heliotropium albrechtii Craven,Heliotropium albrechtii,Boraginaceae
Heliotropium alcyonium Craven,Heliotropium alcyonium,Boraginaceae
Heliotropium amnis-edith Craven,Heliotropium amnis-edith,Boraginaceae
Heliotropium arenitense Craven,Heliotropium arenitense,Boraginaceae
Heliotropium brachythrix Craven,Heliotropium brachythrix,Boraginaceae
Heliotropium consimile Craven,Heliotropium consimile,Boraginaceae
Heliotropium cracens Craven,Heliotropium cracens,Boraginaceae
Heliotropium dichotomum Craven,Heliotropium dichotomum,Boraginaceae
Heliotropium discors Craven,Heliotropium discors,Boraginaceae
Heliotropium euodes Craven,Heliotropium euodes,Boraginaceae
Heliotropium fasciculatum R.Br.,Heliotropium fasciculatum,Boraginaceae
Heliotropium foveolatum Craven,Heliotropium foveolatum,Boraginaceae
Heliotropium geocharis Domin,Heliotropium geocharis,Boraginaceae
Heliotropium paniculatum R.Br.,Heliotropium paniculatum,Boraginaceae
Heliotropium parviantrum Craven,Heliotropium parviantrum,Boraginaceae
Heliotropium prostratum R.Br.,Heliotropium prostratum,Boraginaceae
Heliotropium ramulipatens Craven,Heliotropium ramulipatens,Boraginaceae
Heliotropium rhadinostachyum Craven,Heliotropium rhadinostachyum,Boraginaceae
Heliotropium sphaericum Craven,Heliotropium sphaericum,Boraginaceae
Heliotropium subreniforme Craven,Heliotropium subreniforme,Boraginaceae
Heliotropium synaimon Craven,Heliotropium synaimon,Boraginaceae
Heliotropium tachyglossoides Craven,Heliotropium tachyglossoides,Boraginaceae
Heliotropium tanythrix Craven,Heliotropium tanythrix,Boraginaceae
Heliotropium uniflorum Craven,Heliotropium uniflorum,Boraginaceae
Embelia tiwiensis Jackes,Embelia tiwiensis,Primulaceae
Myrsine pedicellata Jackes,Myrsine pedicellata,Primulaceae
Alyxia evansii D.J.Middleton,Alyxia evansii,Apocynaceae
Cynanchum brachystelmoides P.I.Forst.,Cynanchum brachystelmoides,Apocynaceae
Cynanchum christineae P.I.Forst.,Cynanchum christineae,Apocynaceae
Cynanchum puberulum F.Muell. ex Benth.,Cynanchum puberulum,Apocynaceae
Heterostemma magnificum P.I.Forst.,Heterostemma magnificum,Apocynaceae
Marsdenia glandulifera C.T.White,Marsdenia glandulifera,Apocynaceae
Marsdenia muelleri (Benth.) P.I.Forst.,Marsdenia muelleri,Apocynaceae
Parsonsia alboflavescens (Dennst.) Mabb.,Parsonsia alboflavescens,Apocynaceae
Sarcolobus ritae P.I.Forst.,Sarcolobus ritae,Apocynaceae
Hoppea dichotoma Willd.,Hoppea dichotoma,Gentianaceae
Schenkia clementii (Domin) G.Mans.,Schenkia clementii,Gentianaceae
Mitrasacme ambigua R.Br.,Mitrasacme ambigua,Loganiaceae
Mitrasacme brachystemonea Domin,Mitrasacme brachystemonea,Loganiaceae
Mitrasacme elata R.Br.,Mitrasacme elata,Loganiaceae
Mitrasacme epigaea Dunlop,Mitrasacme epigaea,Loganiaceae
Mitrasacme floribunda Dunlop,Mitrasacme floribunda,Loganiaceae
Mitrasacme geniculosa Dunlop,Mitrasacme geniculosa,Loganiaceae
Mitrasacme glaucescens Dunlop,Mitrasacme glaucescens,Loganiaceae
Mitrasacme inornata Dunlop,Mitrasacme inornata,Loganiaceae
Mitrasacme latiflora S.Moore,Mitrasacme latiflora,Loganiaceae
Mitrasacme lutea F.Muell.,Mitrasacme lutea,Loganiaceae
Mitrasacme micrantha Domin,Mitrasacme micrantha,Loganiaceae
Mitrasacme patens Dunlop,Mitrasacme patens,Loganiaceae
Mitrasacme retroloba Dunlop,Mitrasacme retroloba,Loganiaceae
Mitrasacme secedens Dunlop,Mitrasacme secedens,Loganiaceae
Mitrasacme squamigera Dunlop,Mitrasacme squamigera,Loganiaceae
Mitrasacme troglodytica Dunlop,Mitrasacme troglodytica,Loganiaceae
Dentella arnhemensis Halford MS,Dentella arnhemensis MS,Rubiaceae
Dentella browniana Domin,Dentella browniana,Rubiaceae
Gardenia faucicola Puttock,Gardenia faucicola,Rubiaceae
Gardenia jabiluka Puttock,Gardenia jabiluka,Rubiaceae
Oldenlandia delicata (Halford) Halford,Oldenlandia delicata,Rubiaceae
Oldenlandia pinifolia (Wall. ex G.Don) Kuntze,Oldenlandia pinifolia,Rubiaceae
Oldenlandia spathulata Halford,Oldenlandia spathulata,Rubiaceae
Oldenlandia tenuifolia Burm.f.,Oldenlandia tenuifolia,Rubiaceae
Pavetta conferta S.T.Reynolds,Pavetta conferta,Rubiaceae
Pavetta rupicola S.T.Reynolds,Pavetta rupicola,Rubiaceae
Pavetta speciosa S.T.Reynolds,Pavetta speciosa,Rubiaceae
Pavetta tenella S.T.Reynolds,Pavetta tenella,Rubiaceae
Pavetta vaga S.T.Reynolds,Pavetta vaga,Rubiaceae
Psydrax paludosa S.T.Reynolds & R.J.F.Hend.,Psydrax paludosa,Rubiaceae
Psydrax suaveolens (S.Moore) S.T.Reynolds & R.J.F.Hend.,Psydrax suaveolens,Rubiaceae
Spermacoce aequabilis Harwood,Spermacoce aequabilis,Rubiaceae
Spermacoce aurantiseta Harwood,Spermacoce aurantiseta,Rubiaceae
Spermacoce brevidens Harwood,Spermacoce brevidens,Rubiaceae
Spermacoce cardiophora Harwood,Spermacoce cardiophora,Rubiaceae
Spermacoce caudata Harwood,Spermacoce caudata,Rubiaceae
Spermacoce congestanthera Harwood,Spermacoce congestanthera,Rubiaceae
Spermacoce discreta Harwood,Spermacoce discreta,Rubiaceae
Spermacoce diversistyla Harwood,Spermacoce diversistyla,Rubiaceae
Spermacoce erectiloba Harwood,Spermacoce erectiloba,Rubiaceae
Spermacoce gilliesae (Specht) J.R.Clarkson,Spermacoce gilliesae,Rubiaceae
Spermacoce graniticola Harwood,Spermacoce graniticola,Rubiaceae
Spermacoce inaperta F.Muell.,Spermacoce inaperta,Rubiaceae
Spermacoce lamprosperma Harwood,Spermacoce lamprosperma,Rubiaceae
Spermacoce latimarginata Harwood,Spermacoce latimarginata,Rubiaceae
Spermacoce membranacea R.Br. ex Benth.,Spermacoce membranacea,Rubiaceae
Spermacoce omissa J.R.Clarkson,Spermacoce omissa,Rubiaceae
Spermacoce pessima Harwood,Spermacoce pessima,Rubiaceae
Spermacoce protrusa Harwood,Spermacoce protrusa,Rubiaceae
Spermacoce redacta Harwood,Spermacoce redacta,Rubiaceae
Spermacoce resinosula Harwood,Spermacoce resinosula,Rubiaceae
Spermacoce retitesta Harwood,Spermacoce retitesta,Rubiaceae
Spermacoce scabrisina Harwood,Spermacoce scabrisina,Rubiaceae
Spermacoce stigmatosa Harwood,Spermacoce stigmatosa,Rubiaceae
Spermacoce suprahila Harwood,Spermacoce suprahila,Rubiaceae
Spermacoce tectanthera Harwood,Spermacoce tectanthera,Rubiaceae
Spermacoce trichosiphonia Harwood,Spermacoce trichosiphonia,Rubiaceae
Vincetoxicum cinerascens (R.Br.) Meve & Liede,Vincetoxicum cinerascens,Apocynaceae
Vincetoxicum leibianum (F.Muell.) Liede,Vincetoxicum leibianum,Apocynaceae
Dicliptera australis (Nees) R.M.Barker,Dicliptera australis,Acanthaceae
Dicliptera spicata Decne.,Dicliptera spicata,Acanthaceae
Dipteracanthus bracteatus (R.Br.) Nees,Dipteracanthus bracteatus,Acanthaceae
Anisomeles carpentarica A.R.Bean,Anisomeles carpentarica,Lamiaceae
Anisomeles farinacea A.R.Bean,Anisomeles farinacea,Lamiaceae
Anisomeles leucotricha A.R.Bean,Anisomeles leucotricha,Lamiaceae
Anisomeles salviifolia R.Br.,Anisomeles salviifolia,Lamiaceae
Anisomeles viscidula A.R.Bean,Anisomeles viscidula,Lamiaceae
Anisomeles xerophila A.R.Bean,Anisomeles xerophila,Lamiaceae
Cymaria dichotoma Benth.,Cymaria dichotoma,Lamiaceae
Dasymalla chorisepala (Munir) B.J.Conn & Henwood,Dasymalla chorisepala,Lamiaceae
Gmelina australis de Kok,Gmelina australis,Lamiaceae
Gmelina hollrungii de Kok,Gmelina hollrungii,Lamiaceae
Gmelina schlechteri H.J.Lam,Gmelina schlechteri,Lamiaceae
Microcorys elliptica B.J.Conn,Microcorys elliptica,Lamiaceae
Muniria megalophylla (Munir) N.Streiber & B.J.Conn,Muniria megalophylla,Lamiaceae
Muniria quadrangulata (Munir) N.Streiber & B.J.Conn,Muniria quadrangulata,Lamiaceae
Pityrodia byrnesii Munir,Pityrodia byrnesii,Lamiaceae
Pityrodia gilruthiana Munir,Pityrodia gilruthiana,Lamiaceae
Pityrodia serrata Munir,Pityrodia serrata,Lamiaceae
Utricularia limmenensis R.W.Jobson,Utricularia limmenensis,Lentibulariaceae
Utricularia tridactyla P.Taylor,Utricularia tridactyla,Lentibulariaceae
Bonnaya cowiei (W.R.Barker) Y.S.Liang & J.C.Wang,Bonnaya cowiei,Linderniaceae
Buchnera ciliata Pennell,Buchnera ciliata,Linderniaceae
Lindernia acrandra W.R.Barker,Lindernia acrandra,Linderniaceae
Lindernia atrata W.R.Barker,Lindernia atrata,Linderniaceae
Lindernia cleistandra W.R.Barker,Lindernia cleistandra,Linderniaceae
Lindernia dierythra W.R.Barker,Lindernia dierythra,Linderniaceae
Lindernia enypniastina W.R.Barker,Lindernia enypniastina,Linderniaceae
Lindernia lucrusmiana W.R.Barker,Lindernia lucrusmiana,Linderniaceae
Lindernia murfetiana W.R.Barker,Lindernia murfetiana,Linderniaceae
Lindernia petrensis W.R.Barker,Lindernia petrensis,Linderniaceae
Lindernia pronanthera W.R.Barker,Lindernia pronanthera,Linderniaceae
Lindernia pustulosa W.R.Barker,Lindernia pustulosa,Linderniaceae
Lindernia robyniae W.R.Barker,Lindernia robyniae,Linderniaceae
Lindernia scopularis W.R.Barker,Lindernia scopularis,Linderniaceae
Lindernia thyridostoma W.R.Barker,Lindernia thyridostoma,Linderniaceae
Lindernia venustula W.R.Barker,Lindernia venustula,Linderniaceae
"Yamazakia pusilla (Willd.) W.R.Barker, Y.S.Liang & Wannan",Yamazakia pusilla,Linderniaceae
Peplidium foecundum W.R.Barker,Peplidium foecundum,Phrymaceae
Peplidium maritimum (L.f.) Asch.,Peplidium maritimum,Phrymaceae
Stemodia debilis Benth.,Stemodia debilis,Plantaginaceae
Eremophila arenaria Chinnock,Eremophila arenaria,Scrophulariaceae
Bonamia deserticola R.W.Johnson,Bonamia deserticola,Convolvulaceae
Bonamia longipilosa R.W.Johnson,Bonamia longipilosa,Convolvulaceae
Bonamia multiflora R.W.Johnson,Bonamia multiflora,Convolvulaceae
Bonamia wilsoniae R.W.Johnson,Bonamia wilsoniae,Convolvulaceae
Distimake kimberleyensis (R.W.Johnson) A.R.Simões & Staples,Distimake kimberleyensis,Convolvulaceae
Ipomoea diantha Roem. & Schult.,Ipomoea diantha,Convolvulaceae
Ipomoea dunlopii R.W.Johnson,Ipomoea dunlopii,Convolvulaceae
Ipomoea imperati (Vahl) Griseb.,Ipomoea imperati,Convolvulaceae
Ipomoea limosa R.W.Johnson,Ipomoea limosa,Convolvulaceae
Polymeria quadrivalvis R.Br.,Polymeria quadrivalvis,Convolvulaceae
"Duboisia arenitensis Craven, Lepschi & Haegi",Duboisia arenitensis,Solanaceae
Solanum apodophyllum A.R.Bean,Solanum apodophyllum,Solanaceae
Solanum cowiei Martine,Solanum cowiei,Solanaceae
Solanum fecundum A.R.Bean,Solanum fecundum,Solanaceae
"Solanum jobsonii Martine, J.Cantley & L.M.Lacey",Solanum jobsonii,Solanaceae
Solanum lobatum A.R.Bean,Solanum lobatum,Solanaceae
Solanum medicagineum A.R.Bean,Solanum medicagineum,Solanaceae
Solanum melanospermum F.Muell.,Solanum melanospermum,Solanaceae
Solanum ossicruentum Martine & J.Cantley,Solanum ossicruentum,Solanaceae
Solanum osteocarpum A.R.Bean,Solanum osteocarpum,Solanaceae
Solanum pallidifolium A.R.Bean,Solanum pallidifolium,Solanaceae
"Solanum sejunctum Brennan, Martine & Symon",Solanum sejunctum,Solanaceae
Solanum watneyi Martine & Frawley,Solanum watneyi,Solanaceae
Solanum wilkinsii S.Moore,Solanum wilkinsii,Solanaceae
Trianthema compactum C.T.White,Trianthema compactum,Aizoaceae
Gomphrena atrorubra J.Palmer,Gomphrena atrorubra,Amaranthaceae
Gomphrena conica (R.Br.) Spreng.,Gomphrena conica,Amaranthaceae
Gomphrena involucrata Ewart,Gomphrena involucrata,Amaranthaceae
Gomphrena leptophylla (Benth.) J.Palmer,Gomphrena leptophylla,Amaranthaceae
Gomphrena rosula J.Palmer,Gomphrena rosula,Amaranthaceae
Omegandra kanisii G.J.Leach & C.C.Towns.,Omegandra kanisii,Amaranthaceae
Ptilotus comatus Benl,Ptilotus comatus,Amaranthaceae
Ptilotus lophotrichus Benl,Ptilotus lophotrichus,Amaranthaceae
Ptilotus rotundatus Benl,Ptilotus rotundatus,Amaranthaceae
Polycarpaea arida Pedley,Polycarpaea arida,Caryophyllaceae
Polycarpaea incana Cowie,Polycarpaea incana,Caryophyllaceae
Polycarpaea microceps Cowie,Polycarpaea microceps,Caryophyllaceae
Polycarpaea tenax Cowie,Polycarpaea tenax,Caryophyllaceae
Atriplex flabelliformis Paul G.Wilson,Atriplex flabelliformis,Chenopodiaceae
Atriplex incrassata F.Muell.,Atriplex incrassata,Chenopodiaceae
Atriplex intermedia R.H.Anderson,Atriplex intermedia,Chenopodiaceae
Atriplex morrisii R.H.Anderson,Atriplex morrisii,Chenopodiaceae
Maireana dichoptera (F.Muell.) Paul G.Wilson,Maireana dichoptera,Chenopodiaceae
Maireana microcarpa (Benth.) Paul G.Wilson,Maireana microcarpa,Chenopodiaceae
Malacocera biflora Ising,Malacocera biflora,Chenopodiaceae
Osteocarpum pentapterum (F.Muell. & Tate) Volkens,Osteocarpum pentapterum,Chenopodiaceae
Sclerolaena holtiana (Ising) A.J.Scott,Sclerolaena holtiana,Chenopodiaceae
Sclerolaena muelleri (Benth.) A.J.Scott,Sclerolaena muelleri,Chenopodiaceae
Sclerolaena symoniana (Ising) A.J.Scott,Sclerolaena symoniana,Chenopodiaceae
Threlkeldia inchoata (J.M.Black) J.M.Black,Threlkeldia inchoata,Chenopodiaceae
Frankenia latior Sprague & Summerh.,Frankenia latior,Frankeniaceae
Frankenia stuartii Summerh.,Frankenia stuartii,Frankeniaceae
Glinus sessiliflorus P.S.Short,Glinus sessiliflorus,Molluginaceae
Boerhavia schomburgkiana Oliv.,Boerhavia schomburgkiana,Nyctaginaceae
Polygonum argyrocoleon Steud. ex Kunze,Polygonum argyrocoleon,Polygonaceae
Ceratophyllum muricatum Cham.,Ceratophyllum muricatum,Ceratophyllaceae
Cassytha candida (J.Z.Weber) J.Z.Weber,Cassytha candida,Lauraceae
Endiandra limnophila B.Hyland,Endiandra limnophila,Lauraceae
Aponogeton tofus S.W.L.Jacobs,Aponogeton tofus,Aponogetonaceae
Lemna tenera Kurz,Lemna tenera,Araceae
Cymodocea rotundata Ehrenb. & Hempr. ex Asch. & Schweinf.,Cymodocea rotundata,Cymodoceaceae
Blyxa echinosperma (C.B.Clarke) Hook.f.,Blyxa echinosperma,Hydrocharitaceae
Blyxa octandra (Roxb.) Thwaites,Blyxa octandra,Hydrocharitaceae
Enhalus acoroides (L.f.) Royle,Enhalus acoroides,Hydrocharitaceae
Najas browniana Rendle,Najas browniana,Hydrocharitaceae
Najas foveolata A.Br. ex Magnus,Najas foveolata,Hydrocharitaceae
Najas graminea Delile,Najas graminea,Hydrocharitaceae
Najas malesiana W.J.de Wilde,Najas malesiana,Hydrocharitaceae
Najas pseudograminea W.Koch,Najas pseudograminea,Hydrocharitaceae
Vallisneria caulescens F.M.Bailey & F.Muell. ex F.M.Bailey,Vallisneria caulescens,Hydrocharitaceae
Vallisneria triptera S.W.L.Jacobs & K.A.Frank,Vallisneria triptera,Hydrocharitaceae
Crinum kakaduense Lehmiller & Lykos,Crinum kakaduense,Amaryllidaceae
Crinum muelleri Lehmiller & Lykos,Crinum muelleri,Amaryllidaceae
Crinum roperense Lehmiller & Lykos,Crinum roperense,Amaryllidaceae
Crinum venosum R.Br.,Crinum venosum,Amaryllidaceae
Borya jabirabela Churchill,Borya jabirabela,Boryaceae
Corynotheca asperata R.J.F.Hend.,Corynotheca asperata,Hemerocallidaceae
Dendrobium lobbii Teijsm. & Binn.,Dendrobium lobbii,Orchidaceae
Dendrobium paludicola Schltr.,Dendrobium paludicola,Orchidaceae
Eulophia bicallosa (D.Don) P.F.Hunt & Summerh.,Eulophia bicallosa,Orchidaceae
Habenaria mesophylla Kraenzl.,Habenaria mesophylla,Orchidaceae
Phoringopsis byrnesii (Blaxell) D.L.Jones & M.A.Clem.,Phoringopsis byrnesii,Orchidaceae
Cartonema tenue Caruel,Cartonema tenue,Commelinaceae
Commelina tricarinata Stanley,Commelina tricarinata,Commelinaceae
Commelina undulata R.Br.,Commelina undulata,Commelinaceae
Haemodorum flaviflorum W.Fitzg.,Haemodorum flaviflorum,Haemodoraceae
Haemodorum subvirens F.Muell.,Haemodorum subvirens,Haemodoraceae
Pontederia hastata L.,Pontederia hastata,Pontederiaceae
Centrolepis curta D.A.Cooke,Centrolepis curta,Centrolepidaceae
Centrolepis racemosa D.D.Sokoloff & Remizowa,Centrolepis racemosa,Centrolepidaceae
"Actinoschoenus arthrostyloides (W.Fitzg.) K.L.Clarke, K.L.Wilson & J.J.Bruhl",Actinoschoenus arthrostyloides,Cyperaceae
"Actinoschoenus pentagonus Rye, R.L.Barrett & M.D.Barrett",Actinoschoenus pentagonus,Cyperaceae
Actinoscirpus grossus (L.f.) Goetgh. & D.A.Simpson,Actinoscirpus grossus,Cyperaceae
Bulbostylis pyriformis S.T.Blake,Bulbostylis pyriformis,Cyperaceae
Bulbostylis turbinata S.T.Blake,Bulbostylis turbinata,Cyperaceae
Cyperus albescens (Steud.) Larridon & Govaerts,Cyperus albescens,Cyperaceae
Cyperus angustatus R.Br.,Cyperus angustatus,Cyperaceae
Cyperus astartodes K.L.Wilson,Cyperus astartodes,Cyperaceae
Cyperus blakeanus K.L.Wilson,Cyperus blakeanus,Cyperaceae
Cyperus compactus Retz.,Cyperus compactus,Cyperaceae
Cyperus cracens K.L.Wilson,Cyperus cracens,Cyperaceae
Cyperus crispulus K.L.Wilson,Cyperus crispulus,Cyperaceae
Cyperus cristulatus S.T.Blake,Cyperus cristulatus,Cyperaceae
Cyperus fucosus K.L.Wilson,Cyperus fucosus,Cyperaceae
Cyperus hamulosus M.Bieb.,Cyperus hamulosus,Cyperaceae
Cyperus latzii K.L.Wilson,Cyperus latzii,Cyperaceae
Cyperus macrostachyos Lam.,Cyperus macrostachyos,Cyperaceae
Cyperus nervulosus (Kük.) S.T.Blake,Cyperus nervulosus,Cyperaceae
Cyperus nutans Vahl,Cyperus nutans,Cyperaceae
Cyperus orgadophilus K.L.Wilson,Cyperus orgadophilus,Cyperaceae
Cyperus paniceus (Rottb.) Boeckeler,Cyperus paniceus,Cyperaceae
Cyperus portae-tartari K.L.Wilson,Cyperus portae-tartari,Cyperaceae
Cyperus pumilus L.,Cyperus pumilus,Cyperaceae
Cyperus serotinus Rottb.,Cyperus serotinus,Cyperaceae
Cyperus sexflorus R.Br.,Cyperus sexflorus,Cyperaceae
Cyperus sporobolus R.Br.,Cyperus sporobolus,Cyperaceae
Cyperus tenuiculmis Boeckeler,Cyperus tenuiculmis,Cyperaceae
Cyperus viscidulus K.L.Wilson,Cyperus viscidulus,Cyperaceae
Eleocharis acutangula (Roxb.) Schult.,Eleocharis acutangula,Cyperaceae
Eleocharis atropurpurea (Retz.) J.Presl & C.Presl,Eleocharis atropurpurea,Cyperaceae
Eleocharis caespitosissima Baker,Eleocharis caespitosissima,Cyperaceae
Eleocharis jacobsiana K.L.Wilson,Eleocharis jacobsiana,Cyperaceae
Eleocharis ochrostachys Steud.,Eleocharis ochrostachys,Cyperaceae
Eleocharis papillosa Latz,Eleocharis papillosa,Cyperaceae
Eleocharis rivalis K.L.Wilson,Eleocharis rivalis,Cyperaceae
Eleocharis sanguinolenta K.L.Wilson,Eleocharis sanguinolenta,Cyperaceae
Eleocharis setifolia (A.Rich.) J.Raynal,Eleocharis setifolia,Cyperaceae
Eleocharis spiralis (Rottb.) Roem. & Schult.,Eleocharis spiralis,Cyperaceae
Eleocharis sundaica J.Kern,Eleocharis sundaica,Cyperaceae
Eleocharis triquetra K.L.Wilson,Eleocharis triquetra,Cyperaceae
Fimbristylis ammobia Latz,Fimbristylis ammobia,Cyperaceae
Fimbristylis arnhemensis Latz,Fimbristylis arnhemensis,Cyperaceae
Fimbristylis blakei Latz,Fimbristylis blakei,Cyperaceae
Fimbristylis caloptera Latz,Fimbristylis caloptera,Cyperaceae
Fimbristylis cardiocarpa F.Muell.,Fimbristylis cardiocarpa,Cyperaceae
Fimbristylis clavata S.T.Blake,Fimbristylis clavata,Cyperaceae
Fimbristylis compacta Turrill,Fimbristylis compacta,Cyperaceae
Fimbristylis complanata (Retz.) Link,Fimbristylis complanata,Cyperaceae
Fimbristylis corynocarya F.Muell.,Fimbristylis corynocarya,Cyperaceae
Fimbristylis costiglumis Domin,Fimbristylis costiglumis,Cyperaceae
Fimbristylis densa S.T.Blake,Fimbristylis densa,Cyperaceae
Fimbristylis denudata R.Br.,Fimbristylis denudata,Cyperaceae
Fimbristylis dictyocolea S.T.Blake,Fimbristylis dictyocolea,Cyperaceae
Fimbristylis dipsacea (Rottb.) C.B.Clarke,Fimbristylis dipsacea,Cyperaceae
Fimbristylis distincta S.T.Blake,Fimbristylis distincta,Cyperaceae
Fimbristylis dolera S.T.Blake,Fimbristylis dolera,Cyperaceae
Fimbristylis dunlopii Latz,Fimbristylis dunlopii,Cyperaceae
Fimbristylis elegans S.T.Blake,Fimbristylis elegans,Cyperaceae
Fimbristylis furva R.Br.,Fimbristylis furva,Cyperaceae
Fimbristylis fusca (Nees) C.B.Clarke,Fimbristylis fusca,Cyperaceae
Fimbristylis insignis Thwaites,Fimbristylis insignis,Cyperaceae
Fimbristylis laxiglumis Latz,Fimbristylis laxiglumis,Cyperaceae
Fimbristylis leucocolea Benth.,Fimbristylis leucocolea,Cyperaceae
Fimbristylis macassarensis Steud.,Fimbristylis macassarensis,Cyperaceae
Fimbristylis macrantha Boeckeler,Fimbristylis macrantha,Cyperaceae
Fimbristylis merrillii J.Kern,Fimbristylis merrillii,Cyperaceae
Fimbristylis modesta S.T.Blake,Fimbristylis modesta,Cyperaceae
Fimbristylis neilsonii F.Muell.,Fimbristylis neilsonii,Cyperaceae
Fimbristylis oxystachya F.Muell.,Fimbristylis oxystachya,Cyperaceae
Fimbristylis pachyptera S.T.Blake,Fimbristylis pachyptera,Cyperaceae
Fimbristylis phaeoleuca S.T.Blake,Fimbristylis phaeoleuca,Cyperaceae
Fimbristylis pilifera W.Fitzg.,Fimbristylis pilifera,Cyperaceae
Fimbristylis pterigosperma R.Br.,Fimbristylis pterigosperma,Cyperaceae
Fimbristylis pubisquama J.Kern,Fimbristylis pubisquama,Cyperaceae
Fimbristylis punctata R.Br.,Fimbristylis punctata,Cyperaceae
Fimbristylis quinquangularis (Vahl) Kunth,Fimbristylis quinquangularis,Cyperaceae
Fimbristylis rupestris Latz,Fimbristylis rupestris,Cyperaceae
Fimbristylis schultzii Boeckeler,Fimbristylis schultzii,Cyperaceae
Fimbristylis sericea R.Br.,Fimbristylis sericea,Cyperaceae
Fimbristylis solidifolia F.Muell.,Fimbristylis solidifolia,Cyperaceae
Fimbristylis sphaerocephala Benth.,Fimbristylis sphaerocephala,Cyperaceae
Fimbristylis spiralis R.Br.,Fimbristylis spiralis,Cyperaceae
Fimbristylis squarrulosa F.Muell.,Fimbristylis squarrulosa,Cyperaceae
Fimbristylis stenostachya S.T.Blake,Fimbristylis stenostachya,Cyperaceae
Fimbristylis tomentosa Vahl,Fimbristylis tomentosa,Cyperaceae
Fimbristylis trachycarya F.Muell.,Fimbristylis trachycarya,Cyperaceae
Fimbristylis trigastrocarya F.Muell.,Fimbristylis trigastrocarya,Cyperaceae
Fuirena arenosa R.Br.,Fuirena arenosa,Cyperaceae
Fuirena nudiflora S.T.Blake,Fuirena nudiflora,Cyperaceae
Mapania macrocephala (Gaudich.) K.Schum.,Mapania macrocephala,Cyperaceae
Rhynchospora chinensis Nees & Meyen ex Wight,Rhynchospora chinensis,Cyperaceae
Rhynchospora exserta C.B.Clarke,Rhynchospora exserta,Cyperaceae
Rhynchospora gracillima Thwaites,Rhynchospora gracillima,Cyperaceae
Rhynchospora longisetis R.Br.,Rhynchospora longisetis,Cyperaceae
Rhynchospora submarginata Kük.,Rhynchospora submarginata,Cyperaceae
Rhynchospora subtenuifolia Kük.,Rhynchospora subtenuifolia,Cyperaceae
Rhynchospora wightiana (Nees) Steud.,Rhynchospora wightiana,Cyperaceae
Schoenoplectiella blakei (Hayas.) Hayas.,Schoenoplectiella blakei,Cyperaceae
Schoenoplectiella lateriflora (J.F.Gmel.) Lye,Schoenoplectiella lateriflora,Cyperaceae
Schoenus punctatus R.Br.,Schoenus punctatus,Cyperaceae
Scleria annularis Steud.,Scleria annularis,Cyperaceae
Scleria biflora Roxb.,Scleria biflora,Cyperaceae
Scleria carphiformis Ridl.,Scleria carphiformis,Cyperaceae
Scleria lingulata C.B.Clarke,Scleria lingulata,Cyperaceae
Scleria mikawana Makino,Scleria mikawana,Cyperaceae
Scleria pergracilis (Nees) Kunth,Scleria pergracilis,Cyperaceae
Scleria psilorrhiza C.B.Clarke,Scleria psilorrhiza,Cyperaceae
Scleria terrestris (L.) Fassett,Scleria terrestris,Cyperaceae
Tricostularia undulata (Thwaites) J.Kern,Tricostularia undulata,Cyperaceae
Websteria confervoides (Poir.) S.S.Hooper,Websteria confervoides,Cyperaceae
Eriocaulon carpentariae G.J.Leach,Eriocaulon carpentariae,Eriocaulaceae
Eriocaulon concretum F.Muell.,Eriocaulon concretum,Eriocaulaceae
Eriocaulon fenshamii G.J.Leach,Eriocaulon fenshamii,Eriocaulaceae
Eriocaulon inapertum G.J.Leach,Eriocaulon inapertum,Eriocaulaceae
Eriocaulon monoscapum F.Muell.,Eriocaulon monoscapum,Eriocaulaceae
Eriocaulon nematophyllum G.J.Leach,Eriocaulon nematophyllum,Eriocaulaceae
Eriocaulon patericola G.J.Leach,Eriocaulon patericola,Eriocaulaceae
Eriocaulon spectabile F.Muell.,Eriocaulon spectabile,Eriocaulaceae
Eriocaulon tricornum G.J.Leach,Eriocaulon tricornum,Eriocaulaceae
Eriocaulon willdenovianum Moldenke,Eriocaulon willdenovianum,Eriocaulaceae
Eriocaulon zollingerianum Körn.,Eriocaulon zollingerianum,Eriocaulaceae
Aristida biglandulosa J.M.Black,Aristida biglandulosa,Poaceae
Aristida dominii B.K.Simon,Aristida dominii,Poaceae
Aristida exserta S.T.Blake,Aristida exserta,Poaceae
Aristida jacobsiana B.K.Simon & Cowie,Aristida jacobsiana,Poaceae
Aristida kimberleyensis B.K.Simon,Aristida kimberleyensis,Poaceae
Aristida longicollis (Domin) Henrard,Aristida longicollis,Poaceae
Aristida polyclados Domin,Aristida polyclados,Poaceae
Aristida schultzii Mez,Aristida schultzii,Poaceae
Aristida strigosa (Henrard) S.T.Blake ex J.M.Black,Aristida strigosa,Poaceae
Arthragrostis clarksoniana B.K.Simon,Arthragrostis clarksoniana,Poaceae
"Austrostipa centralis (Vickery, S.W.L.Jacobs & J.Everett) S.W.L.Jacobs & J.Everett",Austrostipa centralis,Poaceae
Chamaeraphis hordeacea R.Br.,Chamaeraphis hordeacea,Poaceae
Chionachne hubbardiana Henrard,Chionachne hubbardiana,Poaceae
Clausospicula extensa Lazarides,Clausospicula extensa,Poaceae
Cynodon simonii P.M.Peterson,Cynodon simonii,Poaceae
Digitaria cowiei B.K.Simon,Digitaria cowiei,Poaceae
Digitaria gibbosa (R.Br.) P.Beauv.,Digitaria gibbosa,Poaceae
Digitaria oraria R.D.Webster,Digitaria oraria,Poaceae
Digitaria papposa (R.Br.) P.Beauv.,Digitaria papposa,Poaceae
Digitaria stenostachya (Benth.) Hughes,Digitaria stenostachya,Poaceae
Dimeria chloridiformis (Gaudich.) K.Schum. & Lauterb.,Dimeria chloridiformis,Poaceae
Echinochloa elliptica P.W.Michael & Vickery,Echinochloa elliptica,Poaceae
Ectrosia danesii Domin,Ectrosia danesii,Poaceae
Ectrosia laxa S.T.Blake,Ectrosia laxa,Poaceae
Enteropogon dolichostachyus (Lag.) Keng ex Lazarides,Enteropogon dolichostachyus,Poaceae
Eragrostis concinna (R.Br.) Steud.,Eragrostis concinna,Poaceae
Eragrostis crateriformis Lazarides,Eragrostis crateriformis,Poaceae
Eragrostis desertorum Domin,Eragrostis desertorum,Poaceae
Eragrostis ecarinata Lazarides,Eragrostis ecarinata,Poaceae
Eragrostis hirticaulis Lazarides,Eragrostis hirticaulis,Poaceae
Eragrostis petraea Lazarides,Eragrostis petraea,Poaceae
Eragrostis potamophila Lazarides,Eragrostis potamophila,Poaceae
Eragrostis rigidiuscula Domin,Eragrostis rigidiuscula,Poaceae
Eragrostis stenostachya (R.Br.) Steud.,Eragrostis stenostachya,Poaceae
Eragrostis sterilis Domin,Eragrostis sterilis,Poaceae
Eragrostis subtilis Lazarides,Eragrostis subtilis,Poaceae
Eragrostis uvida Lazarides,Eragrostis uvida,Poaceae
Eriachne avenacea R.Br.,Eriachne avenacea,Poaceae
Eriachne axillaris Lazarides,Eriachne axillaris,Poaceae
Eriachne basalis Lazarides,Eriachne basalis,Poaceae
Eriachne bleeseri Pilg.,Eriachne bleeseri,Poaceae
Eriachne capillaris R.Br.,Eriachne capillaris,Poaceae
Eriachne compacta Lazarides,Eriachne compacta,Poaceae
Eriachne fastigiata Lazarides,Eriachne fastigiata,Poaceae
Eriachne festucacea F.Muell.,Eriachne festucacea,Poaceae
Eriachne filiformis W.Hartley,Eriachne filiformis,Poaceae
Eriachne flaccida W.Hartley,Eriachne flaccida,Poaceae
Eriachne glandulosa Lazarides,Eriachne glandulosa,Poaceae
Eriachne major (Ewart & O.B.Davies) Lazarides,Eriachne major,Poaceae
Eriachne minuta Lazarides,Eriachne minuta,Poaceae
Eriachne nodosa Lazarides,Eriachne nodosa,Poaceae
Eriachne pauciflora W.Fitzg.,Eriachne pauciflora,Poaceae
Eriochloa fatmensis (Hochst. ex Steud.) Clayton,Eriochloa fatmensis,Poaceae
Eulalia annua B.K.Simon,Eulalia annua,Poaceae
Eulalia mackinlayi (F.Muell. ex Benth.) Kuntze,Eulalia mackinlayi,Poaceae
Germainia grandiflora (S.T.Blake) Chai-Anan,Germainia grandiflora,Poaceae
Hygrochloa cravenii Lazarides,Hygrochloa cravenii,Poaceae
Isachne myosotis Nees,Isachne myosotis,Poaceae
Ischaemum barbatum Retz.,Ischaemum barbatum,Poaceae
Ischaemum tropicum B.K.Simon,Ischaemum tropicum,Poaceae
Iseilema ciliatum C.E.Hubb.,Iseilema ciliatum,Poaceae
Iseilema convexum C.E.Hubb.,Iseilema convexum,Poaceae
Iseilema trichopus (Benth.) C.E.Hubb.,Iseilema trichopus,Poaceae
Iseilema windersii C.E.Hubb.,Iseilema windersii,Poaceae
Lepturus copeanus B.K.Simon,Lepturus copeanus,Poaceae
Lepturus geminatus C.E.Hubb.,Lepturus geminatus,Poaceae
Micraira compacta Lazarides,Micraira compacta,Poaceae
Micraira dentata Lazarides,Micraira dentata,Poaceae
Micraira inserta Lazarides,Micraira inserta,Poaceae
Micraira pungens Lazarides,Micraira pungens,Poaceae
Micraira spinifera Lazarides,Micraira spinifera,Poaceae
Micraira subspicata Lazarides,Micraira subspicata,Poaceae
Micraira viscidula Lazarides,Micraira viscidula,Poaceae
Microchloa indica (L.f.) P.Beauv.,Microchloa indica,Poaceae
Oplismenus burmanni (Retz.) P.Beauv.,Oplismenus burmanni,Poaceae
Oryza minuta J.Presl,Oryza minuta,Poaceae
Oryza officinalis Wall. ex G.Watt,Oryza officinalis,Poaceae
Panicum latzii R.D.Webster,Panicum latzii,Poaceae
Panicum mindanaense Merr.,Panicum mindanaense,Poaceae
Paspalidium retiglume (Domin) Hughes,Paspalidium retiglume,Poaceae
Pseudoraphis minuta (Mez) Pilg.,Pseudoraphis minuta,Poaceae
Schizachyrium crinizonatum S.T.Blake,Schizachyrium crinizonatum,Poaceae
Schizachyrium dolosum S.T.Blake,Schizachyrium dolosum,Poaceae
Schizachyrium occultum S.T.Blake,Schizachyrium occultum,Poaceae
Schizachyrium perplexum S.T.Blake,Schizachyrium perplexum,Poaceae
Setaria oplismenoides R.A.W.Herrm.,Setaria oplismenoides,Poaceae
Setaria queenslandica Domin,Setaria queenslandica,Poaceae
Sorghum brachypodum Lazarides,Sorghum brachypodum,Poaceae
Sorghum ecarinatum Lazarides,Sorghum ecarinatum,Poaceae
Sorghum grande Lazarides,Sorghum grande,Poaceae
Sorghum interjectum Lazarides,Sorghum interjectum,Poaceae
Sorghum matarankense E.D.Garber & L.A.Snyder,Sorghum matarankense,Poaceae
Sporobolus blakei De Nardi ex B.K.Simon,Sporobolus blakei,Poaceae
Sporobolus latzii B.K.Simon,Sporobolus latzii,Poaceae
Sporobolus lenticularis S.T.Blake,Sporobolus lenticularis,Poaceae
Sporobolus pulchellus R.Br.,Sporobolus pulchellus,Poaceae
Thaumastochloa brassii C.E.Hubb.,Thaumastochloa brassii,Poaceae
Thaumastochloa rubra Sosef & de Koning,Thaumastochloa rubra,Poaceae
Thaumastochloa striata Sosef & de Koning,Thaumastochloa striata,Poaceae
Triodia aristiglumis (Lazarides) Lazarides,Triodia aristiglumis,Poaceae
Triodia aurita Lazarides,Triodia aurita,Poaceae
Triodia fitzgeraldii N.T.Burb.,Triodia fitzgeraldii,Poaceae
Triodia gracilis (Lazarides) Crisp & Mant,Triodia gracilis,Poaceae
Triodia helmsii (C.E.Hubb.) Lazarides,Triodia helmsii,Poaceae
Triodia integra Lazarides,Triodia integra,Poaceae
Triodia latzii Lazarides,Triodia latzii,Poaceae
Triodia radonensis S.W.L.Jacobs,Triodia radonensis,Poaceae
Triodia roscida N.T.Burb.,Triodia roscida,Poaceae
Triodia salina Lazarides,Triodia salina,Poaceae
Triodia uniaristata (Lazarides) Lazarides,Triodia uniaristata,Poaceae
Urochloa argentea (R.Br.) R.D.Webster,Urochloa argentea,Poaceae
Urochloa atrisola R.D.Webster,Urochloa atrisola,Poaceae
Urochloa polyphylla (R.Br.) R.D.Webster,Urochloa polyphylla,Poaceae
Whiteochloa capillipes (Benth.) Lazarides,Whiteochloa capillipes,Poaceae
Whiteochloa cymbiformis (Hughes) B.K.Simon,Whiteochloa cymbiformis,Poaceae
Whiteochloa multiciliata Lazarides,Whiteochloa multiciliata,Poaceae
Whiteochloa semitonsa (F.Muell. ex Benth.) C.E.Hubb.,Whiteochloa semitonsa,Poaceae
Yakirra majuscula (F.Muell. ex Benth.) Lazarides & R.D.Webster,Yakirra majuscula,Poaceae
Yakirra muelleri (Hughes) Lazarides & R.D.Webster,Yakirra muelleri,Poaceae
Yakirra nulla Lazarides & R.D.Webster,Yakirra nulla,Poaceae
Yakirra pauciflora (R.Br.) Lazarides & R.D.Webster,Yakirra pauciflora,Poaceae
Dapsilanthus elatior (R.Br.) B.G.Briggs & L.A.S.Johnson,Dapsilanthus elatior,Restionaceae
Xyris pusilla Sol. ex R.Br.,Xyris pusilla,Xyridaceae
Uvaria glabra Span.,Uvaria glabra,Annonaceae
"Uvaria rupestre (Jessup) L.L.Zhou, Y.C.F.Zu & R.M.K.Saunders",Uvaria rupestre,Annonaceae
Myristica lancifolia Poir.,Myristica lancifolia,Myristicaceae
Hibbertia auriculiflora Toelken,Hibbertia auriculiflora,Dilleniaceae
Hibbertia cactifolia Toelken,Hibbertia cactifolia,Dilleniaceae
Hibbertia circularis Toelken,Hibbertia circularis,Dilleniaceae
Hibbertia echiifolia R.Br. ex Benth.,Hibbertia echiifolia,Dilleniaceae
Hibbertia extrorsa Toelken,Hibbertia extrorsa,Dilleniaceae
Hibbertia fractiflexa Toelken,Hibbertia fractiflexa,Dilleniaceae
Hibbertia guttata Toelken,Hibbertia guttata,Dilleniaceae
Hibbertia haplostemona J.W.Horn,Hibbertia haplostemona,Dilleniaceae
Hibbertia incompta Toelken,Hibbertia incompta,Dilleniaceae
Hibbertia incurvata Toelken,Hibbertia incurvata,Dilleniaceae
Hibbertia ligulata Toelken,Hibbertia ligulata,Dilleniaceae
Hibbertia malleolacea Toelken,Hibbertia malleolacea,Dilleniaceae
Hibbertia marrawalina Toelken,Hibbertia marrawalina,Dilleniaceae
Hibbertia oligocarpa Toelken,Hibbertia oligocarpa,Dilleniaceae
Hibbertia orbicularis Toelken,Hibbertia orbicularis,Dilleniaceae
Hibbertia orientalis Toelken,Hibbertia orientalis,Dilleniaceae
Hibbertia pancerea Toelken,Hibbertia pancerea,Dilleniaceae
Hibbertia pilulis Toelken,Hibbertia pilulis,Dilleniaceae
Hibbertia praestans (Craven & Dunlop) J.W.Horn,Hibbertia praestans,Dilleniaceae
Hibbertia solanifolia Toelken,Hibbertia solanifolia,Dilleniaceae
Hibbertia sulcata Toelken,Hibbertia sulcata,Dilleniaceae
Hibbertia tricornis Toelken,Hibbertia tricornis,Dilleniaceae
Hibbertia tridentata Toelken,Hibbertia tridentata,Dilleniaceae
Gonocarpus implexus Orchard,Gonocarpus implexus,Haloragaceae
Myriophyllum filiforme Benth.,Myriophyllum filiforme,Haloragaceae
Myriophyllum muricatum Orchard,Myriophyllum muricatum,Haloragaceae
"Trithuria cookeana D.D.Sokoloff, Remizowa, T.D.Macfarl. & Rudall",Trithuria cookeana,Hydatellaceae
Trithuria lanterna D.A.Cooke,Trithuria lanterna,Hydatellaceae
Grevillea dunlopii Makinson,Grevillea dunlopii,Proteaceae
Arabidella procumbens (Tate) E.A.Shaw,Arabidella procumbens,Brassicaceae
Lepidium muelleri-ferdinandi Thell.,Lepidium muelleri-ferdinandi,Brassicaceae
Gynandropsis gynandra (L.) Briq.,Gynandropsis gynandra,Capparaceae
Arivela bundeica (P.S.Short) R.L.Barrett,Arivela bundeica,Cleomaceae
Arivela limmenensis (P.S.Short) R.L.Barrett,Arivela limmenensis,Cleomaceae
Arivela linophylla (O.Schwarz) R.L.Barrett,Arivela linophylla,Cleomaceae
Arivela lophosperma (P.S.Short) R.L.Barrett,Arivela lophosperma,Cleomaceae
Arivela microphylla (Keighery) R.L.Barrett,Arivela microphylla,Cleomaceae
Zehneria mucronata (Blume) Miq.,Zehneria mucronata,Cucurbitaceae
Acacia amentifera F.Muell.,Acacia amentifera,Fabaceae
"Acacia claviseta Maslin, M.D.Barrett & R.L.Barrett",Acacia claviseta,Fabaceae
Acacia convallium Pedley,Acacia convallium,Fabaceae
Acacia gracilenta Tindale & Kodela,Acacia gracilenta,Fabaceae
Acacia jensenii Maiden,Acacia jensenii,Fabaceae
Acacia malloclada Maiden & Blakely,Acacia malloclada,Fabaceae
Acacia manipularis R.S.Cowan & Maslin,Acacia manipularis,Fabaceae
Acacia nicholsonensis Cuff,Acacia nicholsonensis,Fabaceae
Aeschynomene aspera L.,Aeschynomene aspera,Fabaceae
Alysicarpus suffruticosus Pedley,Alysicarpus suffruticosus,Fabaceae
Aphyllodium stylosanthoides Pedley,Aphyllodium stylosanthoides,Fabaceae
Cajanus aromaticus Maesen,Cajanus aromaticus,Fabaceae
Cajanus geminatus Pedley ex Maesen,Cajanus geminatus,Fabaceae
Chamaecrista deserti Pedley,Chamaecrista deserti,Fabaceae
Chamaecrista longipes (Domin) Pedley,Chamaecrista longipes,Fabaceae
Chamaecrista nigricans (Vahl) Greene,Chamaecrista nigricans,Fabaceae
Crotalaria humifusa Graham ex Benth.,Crotalaria humifusa,Fabaceae
Daviesia eremaea Crisp,Daviesia eremaea,Fabaceae
Dendrolobium polyneurum (S.T.Blake) H.Ohashi,Dendrolobium polyneurum,Fabaceae
Glycine gracei B.E.Pfeil & Craven,Glycine gracei,Fabaceae
Glycine montis-douglas B.E.Pfeil & Craven,Glycine montis-douglas,Fabaceae
"Glycine pullenii B.E.Pfeil, Tindale & Craven",Glycine pullenii,Fabaceae
Grona flagellaris (Benth.) H.Ohashi & K.Ohashi,Grona flagellaris,Fabaceae
Grona glareosa (Pedley) H.Ohashi & K.Ohashi,Grona glareosa,Fabaceae
Grona hannii (Schindl.) H.Ohashi & K.Ohashi,Grona hannii,Fabaceae
Grona pycnotricha (Pedley) H.Ohashi & K.Ohashi,Grona pycnotricha,Fabaceae
Indigofera adenotricha Peter G.Wilson,Indigofera adenotricha,Fabaceae
Indigofera cinericolor F.Muell.,Indigofera cinericolor,Fabaceae
Indigofera rupicola Peter G.Wilson & Rowe,Indigofera rupicola,Fabaceae
Indigofera schultziana F.Muell.,Indigofera schultziana,Fabaceae
Indigofera verruculosa Peter G.Wilson,Indigofera verruculosa,Fabaceae
Isotropis browniae Jobson,Isotropis browniae,Fabaceae
Jacksonia arnhemica Chappill,Jacksonia arnhemica,Fabaceae
Jacksonia effusa Chappill,Jacksonia effusa,Fabaceae
Jacksonia flexuosa Chappill,Jacksonia flexuosa,Fabaceae
Jacksonia vernicosa F.Muell. ex Benth.,Jacksonia vernicosa,Fabaceae
Leptosema bossiaeoides Benth.,Leptosema bossiaeoides,Fabaceae
Mucuna reptans Verdc.,Mucuna reptans,Fabaceae
Muelleranthus parvalatus I.Thomps.,Muelleranthus parvalatus,Fabaceae
Plagiocarpus arcuatus I.Thomps.,Plagiocarpus arcuatus,Fabaceae
Plagiocarpus arnhemicus I.Thomps.,Plagiocarpus arnhemicus,Fabaceae
Plagiocarpus longiflorus I.Thomps.,Plagiocarpus longiflorus,Fabaceae
Polhillides velutina (Willd.) H.Ohashi & K.Ohashi,Polhillides velutina,Fabaceae
Rothia indica (L.) Druce,Rothia indica,Fabaceae
Senna glaucifolia (Randell) Randell,Senna glaucifolia,Fabaceae
Senna heptanthera (F.Muell.) Randell,Senna heptanthera,Fabaceae
Sesbania muelleri C.L.Gross,Sesbania muelleri,Fabaceae
Sophora longipes Merr.,Sophora longipes,Fabaceae
Swainsona disjuncta Joy Thomps.,Swainsona disjuncta,Fabaceae
Tephrosia arnhemica C.T.White,Tephrosia arnhemica,Fabaceae
Tephrosia crocea Benth.,Tephrosia crocea,Fabaceae
Tephrosia ephippioides Cowie,Tephrosia ephippioides,Fabaceae
Tephrosia humifusa Cowie,Tephrosia humifusa,Fabaceae
Tephrosia macrocarpa Benth.,Tephrosia macrocarpa,Fabaceae
Tephrosia pumila (Lam.) Pers.,Tephrosia pumila,Fabaceae
Tephrosia reticulata R.Br. ex Benth.,Tephrosia reticulata,Fabaceae
Tephrosia valleculata Cowie,Tephrosia valleculata,Fabaceae
Vachellia ditricha (Pedley) Kodela,Vachellia ditricha,Fabaceae
Vachellia pallidifolia (Tindale) Kodela,Vachellia pallidifolia,Fabaceae
"Vigna adenantha (G.Mey.) Maréchal, Mascherpa & Stainier",Vigna adenantha,Fabaceae
Zornia acuta S.T.Reynolds & A.E.Holland,Zornia acuta,Fabaceae
Zornia disticha S.T.Reynolds & A.E.Holland,Zornia disticha,Fabaceae
Zornia oligantha S.T.Reynolds & A.E.Holland,Zornia oligantha,Fabaceae
Comesperma sabulosum A.J.Ford & Halford,Comesperma sabulosum,Polygalaceae
Polygala barbata R.A.Kerrigan,Polygala barbata,Polygalaceae
Polygala barklyensis R.A.Kerrigan,Polygala barklyensis,Polygalaceae
Polygala bifoliata R.A.Kerrigan,Polygala bifoliata,Polygalaceae
Polygala clavistyla R.A.Kerrigan,Polygala clavistyla,Polygalaceae
Polygala crassitesta R.A.Kerrigan,Polygala crassitesta,Polygalaceae
Polygala dependens R.A.Kerrigan,Polygala dependens,Polygalaceae
Polygala difficilis R.A.Kerrigan,Polygala difficilis,Polygalaceae
Polygala dimorphotricha R.A.Kerrigan,Polygala dimorphotricha,Polygalaceae
Polygala eriocephala F.Muell. ex Benth.,Polygala eriocephala,Polygalaceae
Polygala galeocephala R.A.Kerrigan,Polygala galeocephala,Polygalaceae
Polygala geniculata R.A.Kerrigan,Polygala geniculata,Polygalaceae
Polygala petrophila R.A.Kerrigan,Polygala petrophila,Polygalaceae
Polygala pterocarpa R.A.Kerrigan,Polygala pterocarpa,Polygalaceae
Polygala saccopetala R.A.Kerrigan,Polygala saccopetala,Polygalaceae
Polygala succulenta R.A.Kerrigan,Polygala succulenta,Polygalaceae
Polygala tepperi F.Muell.,Polygala tepperi,Polygalaceae
Polygala validiflora R.A.Kerrigan,Polygala validiflora,Polygalaceae
Bergia barklyana G.J.Leach,Bergia barklyana,Elatinaceae
Bergia diacheiron Verdon ex G.J.Leach,Bergia diacheiron,Elatinaceae
Bergia occultipetala G.J.Leach,Bergia occultipetala,Elatinaceae
Bergia pusilla Benth.,Bergia pusilla,Elatinaceae
Acalypha lanceolata Willd.,Acalypha lanceolata,Euphorbiaceae
Croton armstrongii S.Moore,Croton armstrongii,Euphorbiaceae
Croton byrnesii Airy Shaw,Croton byrnesii,Euphorbiaceae
Croton schultzii Benth.,Croton schultzii,Euphorbiaceae
Croton tomentellus F.Muell.,Croton tomentellus,Euphorbiaceae
Euphorbia accedens Halford & W.K.Harris,Euphorbia accedens,Euphorbiaceae
Euphorbia albrechtii Halford & W.K.Harris,Euphorbia albrechtii,Euphorbiaceae
Euphorbia armstrongiana Boiss.,Euphorbia armstrongiana,Euphorbiaceae
Euphorbia cinerea W.Fitzg.,Euphorbia cinerea,Euphorbiaceae
Euphorbia gregoriensis Halford & W.K.Harris,Euphorbia gregoriensis,Euphorbiaceae
Euphorbia hassallii Halford & W.K.Harris,Euphorbia hassallii,Euphorbiaceae
Euphorbia macdonaldii Halford & W.K.Harris,Euphorbia macdonaldii,Euphorbiaceae
Euphorbia maconochieana B.G.Thomson,Euphorbia maconochieana,Euphorbiaceae
Euphorbia papillata Halford & W.K.Harris,Euphorbia papillata,Euphorbiaceae
Euphorbia petala Ewart & L.R.Kerr,Euphorbia petala,Euphorbiaceae
Euphorbia philochalix Halford & W.K.Harris,Euphorbia philochalix,Euphorbiaceae
Euphorbia psilosperma Halford & W.K.Harris,Euphorbia psilosperma,Euphorbiaceae
Euphorbia thelephora Halford & W.K.Harris,Euphorbia thelephora,Euphorbiaceae
Euphorbia vaccaria Baill.,Euphorbia vaccaria,Euphorbiaceae
Euphorbia victoriensis Halford & W.K.Harris,Euphorbia victoriensis,Euphorbiaceae
Monotaxis tenuis Airy Shaw,Monotaxis tenuis,Euphorbiaceae
Shonia territorialis Halford & R.J.F.Hend.,Shonia territorialis,Euphorbiaceae
Phyllanthus armstrongii Benth.,Phyllanthus armstrongii,Phyllanthaceae
Phyllanthus cauticola J.T.Hunter & J.J.Bruhl,Phyllanthus cauticola,Phyllanthaceae
Phyllanthus eremicus R.L.Barrett & I.Telford,Phyllanthus eremicus,Phyllanthaceae
Phyllanthus oblanceolatus J.T.Hunter & J.J.Bruhl,Phyllanthus oblanceolatus,Phyllanthaceae
Phyllanthus prominulatus J.T.Hunter & J.J.Bruhl,Phyllanthus prominulatus,Phyllanthaceae
Phyllanthus sulcatus J.T.Hunter & J.J.Bruhl,Phyllanthus sulcatus,Phyllanthaceae
Sauropus bacciformis (L.) Airy Shaw,Sauropus bacciformis,Phyllanthaceae
Sauropus dunlopii J.T.Hunter & J.J.Bruhl,Sauropus dunlopii,Phyllanthaceae
Sauropus filicinus J.T.Hunter & J.J.Bruhl,Sauropus filicinus,Phyllanthaceae
Sauropus gracilis J.T.Hunter & J.J.Bruhl,Sauropus gracilis,Phyllanthaceae
Sauropus huntii Airy Shaw,Sauropus huntii,Phyllanthaceae
Sauropus ochrophyllus (Benth.) Airy Shaw,Sauropus ochrophyllus,Phyllanthaceae
Sauropus rigidulus (Müll.Arg.) Airy Shaw,Sauropus rigidulus,Phyllanthaceae
Sauropus rimophilus J.T.Hunter & J.J.Bruhl,Sauropus rimophilus,Phyllanthaceae
Sauropus stenocladus (Müll.Arg.) J.T.Hunter & J.J.Bruhl,Sauropus stenocladus,Phyllanthaceae
"Malaccotristicha australis (C.Cusset & G.Cusset) M.Kato, Y.Kita & Koi",Malaccotristicha australis,Podostemaceae
Cochlospermum arafuricum Cowie & R.A.Kerrigan,Cochlospermum arafuricum,Bixaceae
Brachychiton chrysocarpus Cowie & Guymer,Brachychiton chrysocarpus,Malvaceae
Brachychiton multicaulis Guymer,Brachychiton multicaulis,Malvaceae
Corchorus aulacocarpus Halford,Corchorus aulacocarpus,Malvaceae
Corchorus capsularis L.,Corchorus capsularis,Malvaceae
Corchorus macropetalus (F.Muell.) Domin,Corchorus macropetalus,Malvaceae
Corchorus macropterus G.J.Leach & Cheek,Corchorus macropterus,Malvaceae
Corchorus obclavatus Halford,Corchorus obclavatus,Malvaceae
Corchorus sublatus Halford,Corchorus sublatus,Malvaceae
Decaschistia byrnesii Fryxell,Decaschistia byrnesii,Malvaceae
Gilesia biniflora F.Muell.,Gilesia biniflora,Malvaceae
Grewia orbifolia F.Muell. ex Benth.,Grewia orbifolia,Malvaceae
"Hibiscus aneuthe Craven, F.D.Wilson & Fryxell",Hibiscus aneuthe,Malvaceae
Hibiscus arenicola A.S.Mitch.,Hibiscus arenicola,Malvaceae
"Hibiscus bacalusius Craven, F.D.Wilson & Fryxell",Hibiscus bacalusius,Malvaceae
Hibiscus byrnesii F.D.Wilson,Hibiscus byrnesii,Malvaceae
Hibiscus cravenii (Fryxell) B.E.Pfeil & Craven,Hibiscus cravenii,Malvaceae
Hibiscus fluvialis Juswara & Craven,Hibiscus fluvialis,Malvaceae
"Hibiscus inimicus Craven, F.D.Wilson & Fryxell",Hibiscus inimicus,Malvaceae
Hibiscus lobatus (Murray) Kuntze,Hibiscus lobatus,Malvaceae
"Hibiscus thegaleus Craven, F.D.Wilson & Fryxell",Hibiscus thegaleus,Malvaceae
Pentapetes phoenicea L.,Pentapetes phoenicea,Malvaceae
Seringia adenolasia F.Muell.,Seringia adenolasia,Malvaceae
Sida brachypoda F.Muell. ex A.E.Holland & S.T.Reynolds,Sida brachypoda,Malvaceae
Sida pusilla Cav.,Sida pusilla,Malvaceae
Sida spenceriana F.Muell.,Sida spenceriana,Malvaceae
Triumfetta albida (F.Muell. ex Domin) Halford,Triumfetta albida,Malvaceae
Triumfetta aquila Halford,Triumfetta aquila,Malvaceae
Triumfetta arnhemica Halford,Triumfetta arnhemica,Malvaceae
Triumfetta clivorum Halford,Triumfetta clivorum,Malvaceae
Triumfetta denticulata R.Br. ex Benth.,Triumfetta denticulata,Malvaceae
Triumfetta fissurata Halford,Triumfetta fissurata,Malvaceae
Triumfetta glaucescens R.Br. ex Benth.,Triumfetta glaucescens,Malvaceae
Triumfetta inermis Halford,Triumfetta inermis,Malvaceae
Triumfetta litticola Halford,Triumfetta litticola,Malvaceae
Triumfetta mellina Halford,Triumfetta mellina,Malvaceae
Triumfetta oenpelliensis Halford,Triumfetta oenpelliensis,Malvaceae
Triumfetta prostrata Halford,Triumfetta prostrata,Malvaceae
Triumfetta triandra Sprague & Hutch.,Triumfetta triandra,Malvaceae
Triumfetta viridis Halford,Triumfetta viridis,Malvaceae
Pimelea penicillaris F.Muell.,Pimelea penicillaris,Thymelaeaceae
Terminalia savannicola Byrnes,Terminalia savannicola,Combretaceae
Ammannia auriculata Willd.,Ammannia auriculata,Lythraceae
Ammannia crinipes F.Muell.,Ammannia crinipes,Lythraceae
Ammannia striatiflora (Hewson) S.A.Graham & Gandhi,Ammannia striatiflora,Lythraceae
Lythrum wilsonii Hewson,Lythrum wilsonii,Lythraceae
Rotala rosea (Poir.) C.D.K.Cook,Rotala rosea,Lythraceae
Melastoma imbricatum Wall. ex C.B.Clarke,Melastoma imbricatum,Melastomataceae
Memecylon arnhemensis Whiffin,Memecylon arnhemensis,Melastomataceae
Asteromyrtus arnhemica (Byrnes) Craven,Asteromyrtus arnhemica,Myrtaceae
Calytrix micrairoides Craven,Calytrix micrairoides,Myrtaceae
Calytrix rupestris Craven,Calytrix rupestris,Myrtaceae
Calytrix surdiviperana Craven,Calytrix surdiviperana,Myrtaceae
Calytrix verticillata Craven,Calytrix verticillata,Myrtaceae
Corymbia pauciseta K.D.Hill & L.A.S.Johnson,Corymbia pauciseta,Myrtaceae
Kunzea petrophila Toelken,Kunzea petrophila,Myrtaceae
Lithomyrtus hypoleuca F.Muell. ex N.Snow & Guymer,Lithomyrtus hypoleuca,Myrtaceae
Lithomyrtus repens N.Snow & Guymer,Lithomyrtus repens,Myrtaceae
Stenostegia congesta A.R.Bean,Stenostegia congesta,Myrtaceae
Syzygium arenitense Craven,Syzygium arenitense,Myrtaceae
Thryptomene remota A.R.Bean,Thryptomene remota,Myrtaceae
Ficus carpentariensis D.J.Dixon,Ficus carpentariensis,Moraceae
Cryptandra triplex K.R.Thiele ex Kellermann,Cryptandra triplex,Rhamnaceae
Ziziphus quadrilocularis F.Muell.,Ziziphus quadrilocularis,Rhamnaceae
Pouzolzia hirta (Blume) Hassk.,Pouzolzia hirta,Urticaceae
Boronia suberosa Duretto,Boronia suberosa,Rutaceae
Boronia zeteticorum Duretto,Boronia zeteticorum,Rutaceae
Drummondita calida (F.Muell.) Paul G.Wilson,Drummondita calida,Rutaceae
Glycosmis macrophylla (Blume) Miq.,Glycosmis macrophylla,Rutaceae
Zanthoxylum parviflorum Benth.,Zanthoxylum parviflorum,Rutaceae
Dodonaea barklyana (S.T.Reynolds) M.G.Harr.,Dodonaea barklyana,Sapindaceae
Tribulopis sessilis (Domin) H.Eichler,Tribulopis sessilis,Zygophyllaceae
Tribulus minutus Leichh. ex Benth.,Tribulus minutus,Zygophyllaceae
Amyema haematodes (O.Schwarz) Danser,Amyema haematodes,Loranthaceae
Amyema subcapitata Barlow,Amyema subcapitata,Loranthaceae
Amyema tridactyla Barlow,Amyema tridactyla,Loranthaceae
Olax aphylla R.Br.,Olax aphylla,Olacaceae
Olax imbricata Roxb.,Olax imbricata,Olacaceae
Asplenium longissimum Blume,Asplenium longissimum,Aspleniaceae
Cheilanthes fragillima F.Muell.,Cheilanthes fragillima,Pteridaceae
Cheilanthes praetermissa D.L.Jones,Cheilanthes praetermissa,Pteridaceae
Marsilea cryptocarpa Albr. & Chinnock,Marsilea cryptocarpa,Marsileaceae
Marsilea latzii D.L.Jones,Marsilea latzii,Marsileaceae
Actinostachys wagneri (Selling) C.F.Reed,Actinostachys wagneri,Schizaeaceae
