species,APC_name,family
Hydrocotyle comocarpa F.Muell.,Hydrocotyle comocarpa,Araliaceae
Cassinia nivalis Orchard,Cassinia nivalis,Asteraceae
Cassinia tegulata Orchard,Cassinia tegulata,Asteraceae
Erigeron conyzoides F.Muell.,Erigeron conyzoides,Asteraceae
Eriochlamys squamata N.G.Walsh,Eriochlamys squamata,Asteraceae
Ethuliopsis cunninghamii (Hook.) F.Muell.,Ethuliopsis cunninghamii,Asteraceae
Haegiela tatei (F.Muell.) P.S.Short & Paul G.Wilson,Haegiela tatei,Asteraceae
Hyalosperma stoveae (D.A.Cooke) Paul G.Wilson,Hyalosperma stoveae,Asteraceae
Olearia aglossa (Maiden & Betche) Lander,Olearia aglossa,Asteraceae
Podolepis laevigata Gand.,Podolepis laevigata,Asteraceae
Senecio glabrescens (DC.) Sch.Bip.,Senecio glabrescens,Asteraceae
Senecio halophilus I.Thomps.,Senecio halophilus,Asteraceae
Senecio longicollaris I.Thomps.,Senecio longicollaris,Asteraceae
Senecio niveoplanus I.Thomps.,Senecio niveoplanus,Asteraceae
Senecio pilosicristus I.Thomps.,Senecio pilosicristus,Asteraceae
Trichanthodium baracchianum (Ewart & Jean White) P.S.Short,Trichanthodium baracchianum,Asteraceae
Vittadinia condyloides N.T.Burb.,Vittadinia condyloides,Asteraceae
Plagiobothrys elachanthus (F.Muell.) I.M.Johnst.,Plagiobothrys elachanthus,Boraginaceae
Cardamine franklinensis I.Thomps.,Cardamine franklinensis,Brassicaceae
Lepidium desvauxii Thell.,Lepidium desvauxii,Brassicaceae
Microlepidium pilosulum F.Muell.,Microlepidium pilosulum,Brassicaceae
Phlegmatospermum eremaeum (J.M.Black) E.A.Shaw,Phlegmatospermum eremaeum,Brassicaceae
Stellaria papillata C.H.Mill. & J.G.West,Stellaria papillata,Caryophyllaceae
Atriplex papillata J.H.Willis,Atriplex papillata,Chenopodiaceae
Sclerolaena articulata (J.M.Black) A.J.Scott,Sclerolaena articulata,Chenopodiaceae
Convolvulus recurvatus R.W.Johnson,Convolvulus recurvatus,Convolvulaceae
Carex alsophila F.Muell.,Carex alsophila,Cyperaceae
Cyperus nervulosus (Kük.) S.T.Blake,Cyperus nervulosus,Cyperaceae
Isolepis alpina Hook.f.,Isolepis alpina,Cyperaceae
Isolepis wakefieldiana (S.T.Blake) K.L.Wilson,Isolepis wakefieldiana,Cyperaceae
Lepidosperma forsythii A.A.Ham.,Lepidosperma forsythii,Cyperaceae
"Lepidosperma hispidulum G.T.Plunkett, J.J.Bruhl & K.L.Wilson",Lepidosperma hispidulum,Cyperaceae
Lepidosperma lineare R.Br.,Lepidosperma lineare,Cyperaceae
Machaerina laxa (Nees) T.Koyama,Machaerina laxa,Cyperaceae
Schoenus fluitans Hook.f.,Schoenus fluitans,Cyperaceae
Schoenus laevigatus W.Fitzg.,Schoenus laevigatus,Cyperaceae
Schoenus racemosus J.M.Black,Schoenus racemosus,Cyperaceae
Schoenus sculptus (Nees) Boeckeler,Schoenus sculptus,Cyperaceae
Hibbertia notabilis Toelken,Hibbertia notabilis,Dilleniaceae
Hibbertia sessiliflora Toelken,Hibbertia sessiliflora,Dilleniaceae
Hibbertia torulosa Toelken,Hibbertia torulosa,Dilleniaceae
Leucopogon riparius N.A.Wakef.,Leucopogon riparius,Ericaceae
Monotoca oreophila Albr.,Monotoca oreophila,Ericaceae
Acacia daviesii M.Bartolome,Acacia daviesii,Fabaceae
Acacia infecunda Molyneux & Forrester,Acacia infecunda,Fabaceae
Acacia nanopravissima Molyneux & Forrester,Acacia nanopravissima,Fabaceae
Acacia tabula Molyneux & Forrester,Acacia tabula,Fabaceae
Swainsona adenophylla J.M.Black,Swainsona adenophylla,Fabaceae
Haloragis eichleri Orchard,Haloragis eichleri,Haloragaceae
Haloragis myriocarpa Orchard,Haloragis myriocarpa,Haloragaceae
Myriophyllum amphibium Labill.,Myriophyllum amphibium,Haloragaceae
Myriophyllum glomeratum Schindl.,Myriophyllum glomeratum,Haloragaceae
Myriophyllum lophatum Orchard,Myriophyllum lophatum,Haloragaceae
Hypoxis exilis R.J.F.Hend.,Hypoxis exilis,Hypoxidaceae
Juncus brevibracteus L.A.S.Johnson,Juncus brevibracteus,Juncaceae
Triglochin trichophora Nees,Triglochin trichophora,Juncaginaceae
Teucrium thieleanum B.J.Conn,Teucrium thieleanum,Lamiaceae
Callistemon genofluvialis Molyneux,Callistemon genofluvialis,Myrtaceae
Callistemon nyallingensis Molyneux,Callistemon nyallingensis,Myrtaceae
Eucalyptus bunyip Rule,Eucalyptus bunyip,Myrtaceae
Eucalyptus conferta Rule,Eucalyptus conferta,Myrtaceae
Eucalyptus filiformis Rule,Eucalyptus filiformis,Myrtaceae
Eucalyptus forresterae Molyneux & Rule,Eucalyptus forresterae,Myrtaceae
Eucalyptus phoenix Molyneux & Forrester,Eucalyptus phoenix,Myrtaceae
Eucalyptus pyrenea Rule,Eucalyptus pyrenea,Myrtaceae
Eucalyptus revelata D.Nicolle & R.L.Barrett,Eucalyptus revelata,Myrtaceae
Eucalyptus silvestris Rule,Eucalyptus silvestris,Myrtaceae
Eucalyptus yarriambiack Rule,Eucalyptus yarriambiack,Myrtaceae
Caladenia thysanochila G.W.Carr,Caladenia thysanochila,Orchidaceae
Prasophyllum morganii Nicholls,Prasophyllum morganii,Orchidaceae
Pterostylis conferta (D.L.Jones) G.N.Backh.,Pterostylis conferta,Orchidaceae
Pterostylis spissa (D.L.Jones) G.N.Backh.,Pterostylis spissa,Orchidaceae
Thelymitra orientalis R.J.Bates,Thelymitra orientalis,Orchidaceae
Callitriche umbonata Hegelm.,Callitriche umbonata,Plantaginaceae
Agrostis australiensis Mez,Agrostis australiensis,Poaceae
Agrostis propinqua S.W.L.Jacobs,Agrostis propinqua,Poaceae
Amphibromus pithogastrus S.W.L.Jacobs & Lapinpuro,Amphibromus pithogastrus,Poaceae
Amphibromus sinuatus S.W.L.Jacobs & Lapinpuro,Amphibromus sinuatus,Poaceae
Anthosachne rectiseta (Nees) Barkworth & S.W.L.Jacobs,Anthosachne rectiseta,Poaceae
Austrostipa pilata (S.W.L.Jacobs & J.Everett) S.W.L.Jacobs & J.Everett,Austrostipa pilata,Poaceae
Deyeuxia affinis M.Gray,Deyeuxia affinis,Poaceae
Deyeuxia brachyathera (Stapf) Vickery,Deyeuxia brachyathera,Poaceae
Deyeuxia breviglumis Benth.,Deyeuxia breviglumis,Poaceae
Deyeuxia contracta (F.Muell. ex Hook.f.) Vickery,Deyeuxia contracta,Poaceae
Deyeuxia decipiens (R.Br.) Vickery,Deyeuxia decipiens,Poaceae
Deyeuxia densa Benth.,Deyeuxia densa,Poaceae
Deyeuxia imbricata Vickery,Deyeuxia imbricata,Poaceae
Deyeuxia innominata D.I.Morris,Deyeuxia innominata,Poaceae
Deyeuxia mesathera Stapf ex Vickery,Deyeuxia mesathera,Poaceae
Deyeuxia pungens N.G.Walsh,Deyeuxia pungens,Poaceae
Deyeuxia ramosa C.M.Weiller & N.G.Walsh,Deyeuxia ramosa,Poaceae
Deyeuxia rodwayi Vickery,Deyeuxia rodwayi,Poaceae
Deyeuxia talariata N.G.Walsh,Deyeuxia talariata,Poaceae
Dichelachne hirtella N.G.Walsh,Dichelachne hirtella,Poaceae
Dichelachne robusta B.K.Simon,Dichelachne robusta,Poaceae
Koeleria macrantha (Ledeb.) Schult.,Koeleria macrantha,Poaceae
Lachnagrostis adamsonii (Vickery) S.W.L.Jacobs,Lachnagrostis adamsonii,Poaceae
Lachnagrostis deflexa A.J.Br.,Lachnagrostis deflexa,Poaceae
Lachnagrostis leviseta A.J.Br.,Lachnagrostis leviseta,Poaceae
Lachnagrostis meionectes (Vickery) S.W.L.Jacobs,Lachnagrostis meionectes,Poaceae
Lachnagrostis palustris A.J.Br.,Lachnagrostis palustris,Poaceae
Lachnagrostis punicea (A.J.Br. & N.G.Walsh) S.W.L.Jacobs,Lachnagrostis punicea,Poaceae
Lachnagrostis robusta (Vickery) S.W.L.Jacobs,Lachnagrostis robusta,Poaceae
Panicum obseptum Trin.,Panicum obseptum,Poaceae
Poa amplexicaulis C.M.Weiller & Stajsic,Poa amplexicaulis,Poaceae
Poa fax J.H.Willis & Court,Poa fax,Poaceae
Poa lowanensis N.G.Walsh,Poa lowanensis,Poaceae
Poa petrophila Vickery,Poa petrophila,Poaceae
Poa sallacustris N.G.Walsh,Poa sallacustris,Poaceae
Rytidosperma dimidiatum (Vickery) Connor & Edgar,Rytidosperma dimidiatum,Poaceae
Althenia australis (J.Drumm. ex Harv.) F.Muell.,Althenia australis,Potamogetonaceae
Althenia bilocularis (Kirk) Cockayne,Althenia bilocularis,Potamogetonaceae
Althenia marina (E.L.Robertson) Yu Ito,Althenia marina,Potamogetonaceae
Althenia patentifolia (E.L.Robertson) T.D.Macfarl. & D.D.Sokoloff,Althenia patentifolia,Potamogetonaceae
Althenia preissii (Lehm.) F.Muell.,Althenia preissii,Potamogetonaceae
Lepyrodia anarthria F.Muell. ex Benth.,Lepyrodia anarthria,Restionaceae
Pomaderris sericea N.A.Wakef.,Pomaderris sericea,Rhamnaceae
Pomaderris viridis N.G.Walsh,Pomaderris viridis,Rhamnaceae
Asperula polymera I.Thomps.,Asperula polymera,Rubiaceae
Galium microlobum I.Thomps.,Galium microlobum,Rubiaceae
Thelypteris confluens (Thunb.) C.V.Morton,Thelypteris confluens,Thelypteridaceae
Parietaria australis (Nees) Blume,Parietaria australis,Urticaceae
Urtica sykesii Grosse-Veldmann & Wiegend,Urtica sykesii,Urticaceae
Tribulus minutus Leichh. ex Benth.,Tribulus minutus,Zygophyllaceae
