species,APC_name,family
Cycas distans P.I.Forst. & B.Gray,Cycas distans,Cycadaceae
Cycas scratchleyana F.Muell.,Cycas scratchleyana,Cycadaceae
Lycopodiella limosa Chinnock,Lycopodiella limosa,Lycopodiaceae
Phlegmariurus filiformis (Sw.) W.H.Wagner,Phlegmariurus filiformis,Lycopodiaceae
Selaginella longiciliata Hieron.,Selaginella longiciliata,Selaginellaceae
Eryngium fontanum A.E.Holland & E.J.Thomps.,Eryngium fontanum,Apiaceae
Astrotricha brachyandra A.R.Bean,Astrotricha brachyandra,Araliaceae
Astrotricha pauciflora A.R.Bean,Astrotricha pauciflora,Araliaceae
Hydrocotyle digitata A.R.Bean & Henwood,Hydrocotyle digitata,Araliaceae
Hydrocotyle dipleura A.R.Bean,Hydrocotyle dipleura,Araliaceae
Hydrocotyle oraria A.R.Bean,Hydrocotyle oraria,Araliaceae
Polyscias scutellaria (Burm.f.) Fosberg,Polyscias scutellaria,Araliaceae
Trachymene clivicola Boyland & A.E.Holland,Trachymene clivicola,Araliaceae
Trachymene cussonii (Montrouz.) B.L.Burtt,Trachymene cussonii,Araliaceae
Trachymene glandulosa (F.Muell.) Benth.,Trachymene glandulosa,Araliaceae
Trachymene montana A.E.Holland,Trachymene montana,Araliaceae
Argophyllum iridescens A.R.Bean & P.I.Forst.,Argophyllum iridescens,Argophyllaceae
Argophyllum palumense A.R.Bean & P.I.Forst.,Argophyllum palumense,Argophyllaceae
Acomis bella A.E.Holland,Acomis bella,Asteraceae
Blainvillea acmella (L.) Philipson,Blainvillea acmella,Asteraceae
Blainvillea cunninghamii (DC.) Orchard,Blainvillea cunninghamii,Asteraceae
Blumea benthamiana Domin,Blumea benthamiana,Asteraceae
Blumea milnei Seem.,Blumea milnei,Asteraceae
Blumea riparia DC.,Blumea riparia,Asteraceae
Blumea sinuata (Lour.) Merr.,Blumea sinuata,Asteraceae
Brachyscome campylocarpa J.M.Black,Brachyscome campylocarpa,Asteraceae
Brachyscome casstiana P.S.Short,Brachyscome casstiana,Asteraceae
Brachyscome georginensis P.S.Short,Brachyscome georginensis,Asteraceae
Brachyscome watanabei P.S.Short,Brachyscome watanabei,Asteraceae
Calocephalus birchii P.S.Short,Calocephalus birchii,Asteraceae
Calocephalus glabratus P.S.Short,Calocephalus glabratus,Asteraceae
Calotis glabrescens C.T.White,Calotis glabrescens,Asteraceae
Calotis inermis Maiden & Betche,Calotis inermis,Asteraceae
Calotis suffruticosa Domin,Calotis suffruticosa,Asteraceae
Calotis xanthosioidea Domin,Calotis xanthosioidea,Asteraceae
Cassinia cinerea Orchard,Cassinia cinerea,Asteraceae
Cassinia collina C.T.White,Cassinia collina,Asteraceae
Cassinia wyberbensis Orchard,Cassinia wyberbensis,Asteraceae
Coronidium cymosum Paul G.Wilson,Coronidium cymosum,Asteraceae
Cymbonotus maidenii (Beauverd) A.E.Holland & V.A.Funk,Cymbonotus maidenii,Asteraceae
Decaneuropsis obovata (Gaudich.) H.Rob. & Skvarla,Decaneuropsis obovata,Asteraceae
Eclipta alatocarpa Melville,Eclipta alatocarpa,Asteraceae
Eriochlamys cupularis N.G.Walsh,Eriochlamys cupularis,Asteraceae
Eschenbachia aegyptiaca (L.) Brouillet,Eschenbachia aegyptiaca,Asteraceae
Ethuliopsis cunninghamii (Hook.) F.Muell.,Ethuliopsis cunninghamii,Asteraceae
Glossocardia orthochaeta (F.Muell.) Veldkamp,Glossocardia orthochaeta,Asteraceae
Hemisteptia lyrata (Bunge) Fisch. & C.A.Mey.,Hemisteptia lyrata,Asteraceae
Iotasperma sessilifolium (F.Muell.) G.L.Nesom,Iotasperma sessilifolium,Asteraceae
Lagenophora fimbriata Jian Wang ter & A.R.Bean,Lagenophora fimbriata,Asteraceae
Lagenophora queenslandica Jian Wang ter & A.R.Bean,Lagenophora queenslandica,Asteraceae
Minuria macrorhiza (DC.) Lander,Minuria macrorhiza,Asteraceae
Olearia bella A.R.Bean & Jobson,Olearia bella,Asteraceae
Olearia cuneifolia A.R.Bean & M.T.Mathieson,Olearia cuneifolia,Asteraceae
Olearia gordonii Lander,Olearia gordonii,Asteraceae
Olearia hygrophila (DC.) Benth.,Olearia hygrophila,Asteraceae
Olearia orientalis A.R.Bean & Jobson,Olearia orientalis,Asteraceae
Olearia racemosa Domin,Olearia racemosa,Asteraceae
Pluchea alata A.R.Bean,Pluchea alata,Asteraceae
Pluchea baccharoides (F.Muell.) F.Muell. ex Benth.,Pluchea baccharoides,Asteraceae
Pluchea punctata A.R.Bean,Pluchea punctata,Asteraceae
Pluchea tenuis A.R.Bean,Pluchea tenuis,Asteraceae
Pluchea xanthina A.R.Bean,Pluchea xanthina,Asteraceae
Pterocaulon tricholobum A.R.Bean,Pterocaulon tricholobum,Asteraceae
Pycnosorus eremaeus J.Everett & Doust,Pycnosorus eremaeus,Asteraceae
Pycnosorus thompsonianus J.Everett & Doust,Pycnosorus thompsonianus,Asteraceae
Rhodanthe gossypina Paul G.Wilson,Rhodanthe gossypina,Asteraceae
Rutidosis crispata A.E.Holland,Rutidosis crispata,Asteraceae
Senecio daltonii F.Muell.,Senecio daltonii,Asteraceae
Senecio esleri C.J.Webb,Senecio esleri,Asteraceae
Senecio longicollaris I.Thomps.,Senecio longicollaris,Asteraceae
Senecio scabrellus I.Thomps.,Senecio scabrellus,Asteraceae
Senecio tuberculatus Ali,Senecio tuberculatus,Asteraceae
Sphaeromorphaea ephemera A.R.Bean,Sphaeromorphaea ephemera,Asteraceae
Sphaeromorphaea harrisii (F.Muell.) A.R.Bean,Sphaeromorphaea harrisii,Asteraceae
Sphaeromorphaea subintegra A.R.Bean,Sphaeromorphaea subintegra,Asteraceae
Thespidium basiflorum (F.Muell.) F.Muell. ex Benth.,Thespidium basiflorum,Asteraceae
Trioncinia patens A.E.Holland & D.W.Butler,Trioncinia patens,Asteraceae
Vittadinia decora N.T.Burb.,Vittadinia decora,Asteraceae
Isotoma gulliveri F.Muell.,Isotoma gulliveri,Campanulaceae
Wahlenbergia celata P.I.Forst.,Wahlenbergia celata,Campanulaceae
Goodenia arenicola Carolin,Goodenia arenicola,Goodeniaceae
Goodenia atriplexifolia A.E.Holland & T.P.Boyle,Goodenia atriplexifolia,Goodeniaceae
Goodenia effusa A.E.Holland,Goodenia effusa,Goodeniaceae
Goodenia expansa A.E.Holland & T.P.Boyle,Goodenia expansa,Goodeniaceae
Goodenia megasepala Carolin,Goodenia megasepala,Goodeniaceae
Goodenia nigrescens Carolin,Goodenia nigrescens,Goodeniaceae
Goodenia subauriculata C.T.White,Goodenia subauriculata,Goodeniaceae
Goodenia viridula Carolin,Goodenia viridula,Goodeniaceae
Goodenia viscidula Carolin,Goodenia viscidula,Goodeniaceae
Scaevola glutinosa Carolin,Scaevola glutinosa,Goodeniaceae
Stylidium centrolepidoides A.R.Bean,Stylidium centrolepidoides,Stylidiaceae
Stylidium clarksonii Lowrie & Kenneally,Stylidium clarksonii,Stylidiaceae
Stylidium foveolatum A.R.Bean,Stylidium foveolatum,Stylidiaceae
Stylidium longissimum A.R.Bean,Stylidium longissimum,Stylidiaceae
Cordia aspera G.Forst.,Cordia aspera,Boraginaceae
Heliotropium aequoreum Craven,Heliotropium aequoreum,Boraginaceae
Heliotropium chalcedonium Craven,Heliotropium chalcedonium,Boraginaceae
Heliotropium consimile Craven,Heliotropium consimile,Boraginaceae
Heliotropium delestangii Craven,Heliotropium delestangii,Boraginaceae
Heliotropium fasciculatum R.Br.,Heliotropium fasciculatum,Boraginaceae
Heliotropium frohlichii Craven,Heliotropium frohlichii,Boraginaceae
Heliotropium geocharis Domin,Heliotropium geocharis,Boraginaceae
Heliotropium lapidicola Craven,Heliotropium lapidicola,Boraginaceae
Heliotropium melanopedii Craven,Heliotropium melanopedii,Boraginaceae
Heliotropium microspermum E.J.Thomps.,Heliotropium microspermum,Boraginaceae
Heliotropium paniculatum R.Br.,Heliotropium paniculatum,Boraginaceae
Heliotropium prostratum R.Br.,Heliotropium prostratum,Boraginaceae
Heliotropium ramulipatens Craven,Heliotropium ramulipatens,Boraginaceae
Heliotropium rhadinostachyum Craven,Heliotropium rhadinostachyum,Boraginaceae
Heliotropium tanythrix Craven,Heliotropium tanythrix,Boraginaceae
Heliotropium tytoides Craven,Heliotropium tytoides,Boraginaceae
Plagiobothrys elachanthus (F.Muell.) I.M.Johnst.,Plagiobothrys elachanthus,Boraginaceae
Diospyros areolifolia Kosterm.,Diospyros areolifolia,Ebenaceae
Diospyros hemicycloides (F.Muell. ex Benth.) Jessup,Diospyros hemicycloides,Ebenaceae
Leucopogon blakei Pedley,Leucopogon blakei,Ericaceae
Leucopogon flexifolius R.Br.,Leucopogon flexifolius,Ericaceae
Leucopogon grandiflorus Pedley,Leucopogon grandiflorus,Ericaceae
Leucopogon imbricatus R.Br.,Leucopogon imbricatus,Ericaceae
Leucopogon rupicola C.T.White,Leucopogon rupicola,Ericaceae
Lissanthe brevistyla A.R.Bean,Lissanthe brevistyla,Ericaceae
Ardisia fasciculata C.T.White,Ardisia fasciculata,Primulaceae
Myrsine elata Jackes,Myrsine elata,Primulaceae
Myrsine maculata Jackes,Myrsine maculata,Primulaceae
Myrsine rubiginosa Jackes,Myrsine rubiginosa,Primulaceae
Myrsine serpenticola Jackes,Myrsine serpenticola,Primulaceae
"Planchonella asterocarpon (P.Royen) Swenson, Bartish & Munzinger",Planchonella asterocarpon,Sapotaceae
"Planchonella xylocarpa (C.T.White) Swenson, Bartish & Munzinger",Planchonella xylocarpa,Sapotaceae
Pleioluma singuliflora (C.T.White & W.D.Francis) Swenson,Pleioluma singuliflora,Sapotaceae
Sersalisia unmackiana (F.M.Bailey) Domin,Sersalisia unmackiana,Sapotaceae
Symplocos bullata Jessup,Symplocos bullata,Symplocaceae
Symplocos hylandii Noot.,Symplocos hylandii,Symplocaceae
Symplocos oresbia Jessup,Symplocos oresbia,Symplocaceae
Cynanchum brachystelmoides P.I.Forst.,Cynanchum brachystelmoides,Apocynaceae
Dischidia litoralis Schltr.,Dischidia litoralis,Apocynaceae
Marsdenia glandulifera C.T.White,Marsdenia glandulifera,Apocynaceae
Marsdenia jensenii P.I.Forst.,Marsdenia jensenii,Apocynaceae
Marsdenia muelleri (Benth.) P.I.Forst.,Marsdenia muelleri,Apocynaceae
Marsdenia paludicola P.I.Forst.,Marsdenia paludicola,Apocynaceae
Marsdenia pumila P.I.Forst.,Marsdenia pumila,Apocynaceae
Marsdenia rara P.I.Forst.,Marsdenia rara,Apocynaceae
Marsdenia suborbicularis (K.Schum.) P.I.Forst.,Marsdenia suborbicularis,Apocynaceae
Marsdenia tricholepis (Schltr.) P.I.Forst.,Marsdenia tricholepis,Apocynaceae
Secamone auriculata Blume,Secamone auriculata,Apocynaceae
Secamone lineata Blume,Secamone lineata,Apocynaceae
Logania diffusa R.J.F.Hend.,Logania diffusa,Loganiaceae
Mitrasacme ambigua R.Br.,Mitrasacme ambigua,Loganiaceae
Mitrasacme brachystemonea Domin,Mitrasacme brachystemonea,Loganiaceae
Mitrasacme clarksonii Dunlop,Mitrasacme clarksonii,Loganiaceae
Mitrasacme inornata Dunlop,Mitrasacme inornata,Loganiaceae
Mitrasacme maritima Dunlop,Mitrasacme maritima,Loganiaceae
Mitrasacme micrantha Domin,Mitrasacme micrantha,Loganiaceae
Mitrasacme neldneri Dunlop,Mitrasacme neldneri,Loganiaceae
Mitrasacme patens Dunlop,Mitrasacme patens,Loganiaceae
Mitrasacme squamigera Dunlop,Mitrasacme squamigera,Loganiaceae
Aidia gyropetala A.J.Ford & Halford,Aidia gyropetala,Rubiaceae
Asperula subulifolia Airy Shaw & Turrill,Asperula subulifolia,Rubiaceae
Dentella browniana Domin,Dentella browniana,Rubiaceae
Dentella serpyllifolia Wall. ex Airy Shaw,Dentella serpyllifolia,Rubiaceae
Galium spathulatum I.Thomps.,Galium spathulatum,Rubiaceae
Galium terrae-reginae Ehrend. & McGill.,Galium terrae-reginae,Rubiaceae
Gynochthodes retropila (Halford & A.J.Ford) Razafim. & B.Bremer,Gynochthodes retropila,Rubiaceae
Hedyotis philippensis (Spreng.) Merr. ex C.B.Rob.,Hedyotis philippensis,Rubiaceae
Ixora oreogena S.T.Reynolds & P.I.Forst.,Ixora oreogena,Rubiaceae
Knoxia sumatrensis (Retz.) DC.,Knoxia sumatrensis,Rubiaceae
Lasianthus hirsutus (Roxb.) Merr.,Lasianthus hirsutus,Rubiaceae
Oldenlandia biflora L.,Oldenlandia biflora,Rubiaceae
Oldenlandia coerulescens (F.Muell.) F.Muell.,Oldenlandia coerulescens,Rubiaceae
Oldenlandia spathulata Halford,Oldenlandia spathulata,Rubiaceae
Oldenlandia tenuifolia Burm.f.,Oldenlandia tenuifolia,Rubiaceae
Pavetta platyclada K.Schum. & Lauterb.,Pavetta platyclada,Rubiaceae
Pavetta rupicola S.T.Reynolds,Pavetta rupicola,Rubiaceae
Psychotria hebecarpa Merr. & L.M.Perry,Psychotria hebecarpa,Rubiaceae
Psychotria interstans Domin,Psychotria interstans,Rubiaceae
Psychotria lorentzii Valeton,Psychotria lorentzii,Rubiaceae
Psydrax johnsonii S.T.Reynolds & R.J.F.Hend.,Psydrax johnsonii,Rubiaceae
Psydrax lepida S.T.Reynolds & R.J.F.Hend.,Psydrax lepida,Rubiaceae
Psydrax montigena S.T.Reynolds & R.J.F.Hend.,Psydrax montigena,Rubiaceae
Psydrax pallida S.T.Reynolds & R.J.F.Hend.,Psydrax pallida,Rubiaceae
Psydrax paludosa S.T.Reynolds & R.J.F.Hend.,Psydrax paludosa,Rubiaceae
Spermacoce buckleyi Fosberg,Spermacoce buckleyi,Rubiaceae
Spermacoce everistiana Fosberg,Spermacoce everistiana,Rubiaceae
Spermacoce jacobsonii F.M.Bailey,Spermacoce jacobsonii,Rubiaceae
Spermacoce latimarginata Harwood,Spermacoce latimarginata,Rubiaceae
Spermacoce marginata Benth.,Spermacoce marginata,Rubiaceae
Spermacoce omissa J.R.Clarkson,Spermacoce omissa,Rubiaceae
Spermacoce papuana F.Muell.,Spermacoce papuana,Rubiaceae
Spermacoce uniseta F.M.Bailey,Spermacoce uniseta,Rubiaceae
Uncaria callophylla Blume ex Korth.,Uncaria callophylla,Rubiaceae
Wendlandia psychotrioides (F.Muell.) F.Muell.,Wendlandia psychotrioides,Rubiaceae
Wendlandia urceolata C.T.White,Wendlandia urceolata,Rubiaceae
Vincetoxicum cinerascens (R.Br.) Meve & Liede,Vincetoxicum cinerascens,Apocynaceae
Vincetoxicum rupicola (P.I.Forst.) Meve & Liede,Vincetoxicum rupicola,Apocynaceae
Dicliptera spicata Decne.,Dicliptera spicata,Acanthaceae
Dipteracanthus bracteatus (R.Br.) Nees,Dipteracanthus bracteatus,Acanthaceae
Lepidagathis royenii Bremek.,Lepidagathis royenii,Acanthaceae
Anisomeles ajugacea (F.M.Bailey & F.Muell.) A.R.Bean,Anisomeles ajugacea,Lamiaceae
Anisomeles antrorsa A.R.Bean,Anisomeles antrorsa,Lamiaceae
Anisomeles carpentarica A.R.Bean,Anisomeles carpentarica,Lamiaceae
Anisomeles dallachyi A.R.Bean,Anisomeles dallachyi,Lamiaceae
Anisomeles eriodes A.R.Bean,Anisomeles eriodes,Lamiaceae
Anisomeles languida A.R.Bean,Anisomeles languida,Lamiaceae
Anisomeles ornans A.R.Bean,Anisomeles ornans,Lamiaceae
Anisomeles papuana A.R.Bean,Anisomeles papuana,Lamiaceae
Anisomeles vulpina A.R.Bean,Anisomeles vulpina,Lamiaceae
Anisomeles xerophila A.R.Bean,Anisomeles xerophila,Lamiaceae
Callicarpa caudata Maxim.,Callicarpa caudata,Lamiaceae
Callicarpa thozetii Munir,Callicarpa thozetii,Lamiaceae
Faradaya amicorum (Seem.) Seem.,Faradaya amicorum,Lamiaceae
Glossocarya coriacea Munir,Glossocarya coriacea,Lamiaceae
Hemigenia biddulphiana F.Muell.,Hemigenia biddulphiana,Lamiaceae
Microcorys queenslandica C.T.White,Microcorys queenslandica,Lamiaceae
Newcastelia velutina Munir,Newcastelia velutina,Lamiaceae
Plectranthus acariformis P.I.Forst.,Plectranthus acariformis,Lamiaceae
Plectranthus actites P.I.Forst.,Plectranthus actites,Lamiaceae
Plectranthus apricus P.I.Forst.,Plectranthus apricus,Lamiaceae
Plectranthus arenicola P.I.Forst.,Plectranthus arenicola,Lamiaceae
Plectranthus batianoffii P.I.Forst.,Plectranthus batianoffii,Lamiaceae
Plectranthus bipartitus P.I.Forst.,Plectranthus bipartitus,Lamiaceae
Plectranthus cyanophyllus P.I.Forst.,Plectranthus cyanophyllus,Lamiaceae
Plectranthus dumicola P.I.Forst.,Plectranthus dumicola,Lamiaceae
Plectranthus fasciculatus P.I.Forst.,Plectranthus fasciculatus,Lamiaceae
Plectranthus glabriflorus P.I.Forst.,Plectranthus glabriflorus,Lamiaceae
Plectranthus insularis P.I.Forst.,Plectranthus insularis,Lamiaceae
Plectranthus laetus P.I.Forst.,Plectranthus laetus,Lamiaceae
Plectranthus megadontus P.I.Forst.,Plectranthus megadontus,Lamiaceae
Plectranthus minutus P.I.Forst.,Plectranthus minutus,Lamiaceae
Plectranthus omissus P.I.Forst.,Plectranthus omissus,Lamiaceae
Plectranthus pulchellus P.I.Forst.,Plectranthus pulchellus,Lamiaceae
Plectranthus spectabilis S.T.Blake,Plectranthus spectabilis,Lamiaceae
Plectranthus splendens P.I.Forst.,Plectranthus splendens,Lamiaceae
Plectranthus thalassoscopicus P.I.Forst.,Plectranthus thalassoscopicus,Lamiaceae
Plectranthus ventosus P.I.Forst.,Plectranthus ventosus,Lamiaceae
Plectranthus venustus P.I.Forst.,Plectranthus venustus,Lamiaceae
Premna tomentosa Willd.,Premna tomentosa,Lamiaceae
Prostanthera athertoniana B.J.Conn & T.C.Wilson,Prostanthera athertoniana,Lamiaceae
Prostanthera collina Domin,Prostanthera collina,Lamiaceae
Prostanthera eungella B.J.Conn & K.M.Proft,Prostanthera eungella,Lamiaceae
Prostanthera mulliganensis B.J.Conn & T.C.Wilson,Prostanthera mulliganensis,Lamiaceae
Prostanthera oleoides T.C.Wilson & B.J.Conn,Prostanthera oleoides,Lamiaceae
Prostanthera tozerana B.J.Conn & T.C.Wilson,Prostanthera tozerana,Lamiaceae
Teucrium betchei (F.Muell.) Kattari & Salmaki,Teucrium betchei,Lamiaceae
Teucrium fallax A.R.Bean,Teucrium fallax,Lamiaceae
Teucrium irroratum A.R.Bean,Teucrium irroratum,Lamiaceae
Teucrium micranthum B.J.Conn,Teucrium micranthum,Lamiaceae
Teucrium modestum A.R.Bean,Teucrium modestum,Lamiaceae
Teucrium sagittatum A.R.Bean,Teucrium sagittatum,Lamiaceae
Westringia parvifolia C.T.White & W.D.Francis,Westringia parvifolia,Lamiaceae
Utricularia albiflora R.Br.,Utricularia albiflora,Lentibulariaceae
Utricularia corneliana R.W.Jobson,Utricularia corneliana,Lentibulariaceae
Utricularia fenshamii R.W.Jobson,Utricularia fenshamii,Lentibulariaceae
Utricularia jobsonii Lowrie,Utricularia jobsonii,Lentibulariaceae
Utricularia lowriei R.W.Jobson,Utricularia lowriei,Lentibulariaceae
Utricularia terrae-reginae P.Taylor,Utricularia terrae-reginae,Lentibulariaceae
Buchnera ciliata Pennell,Buchnera ciliata,Linderniaceae
Lindernia hyssopoides (L.) Haines,Lindernia hyssopoides,Linderniaceae
Lindernia prolata W.R.Barker,Lindernia prolata,Linderniaceae
Lindernia stantonii Wannan,Lindernia stantonii,Linderniaceae
Microcarpaea agonis A.R.Bean,Microcarpaea agonis,Linderniaceae
Torenia polygonoides Benth.,Torenia polygonoides,Linderniaceae
"Yamazakia pusilla (Willd.) W.R.Barker, Y.S.Liang & Wannan",Yamazakia pusilla,Linderniaceae
Notelaea pungens Guymer,Notelaea pungens,Oleaceae
Mimulus aquatilis A.R.Bean,Mimulus aquatilis,Phrymaceae
Mimulus orbicularis Wall. ex Benth.,Mimulus orbicularis,Phrymaceae
Peplidium foecundum W.R.Barker,Peplidium foecundum,Phrymaceae
Peplidium maritimum (L.f.) Asch.,Peplidium maritimum,Phrymaceae
Stemodia anisata A.R.Bean,Stemodia anisata,Plantaginaceae
Eremophila arbuscula Chinnock,Eremophila arbuscula,Scrophulariaceae
Eremophila hispida Chinnock,Eremophila hispida,Scrophulariaceae
Eremophila woodiae Edginton,Eremophila woodiae,Scrophulariaceae
Bonamia longipilosa R.W.Johnson,Bonamia longipilosa,Convolvulaceae
Bonamia multiflora R.W.Johnson,Bonamia multiflora,Convolvulaceae
Bonamia toniae R.W.Johnson,Bonamia toniae,Convolvulaceae
Camonea pilosa (Houtt.) A.R.Simões & Staples,Camonea pilosa,Convolvulaceae
Convolvulus eyreanus R.W.Johnson,Convolvulus eyreanus,Convolvulaceae
Ipomoea antonschmidii R.W.Johnson,Ipomoea antonschmidii,Convolvulaceae
Ipomoea densivestita R.W.Johnson,Ipomoea densivestita,Convolvulaceae
Ipomoea hastifolia Domin,Ipomoea hastifolia,Convolvulaceae
Ipomoea imperati (Vahl) Griseb.,Ipomoea imperati,Convolvulaceae
Ipomoea limosa R.W.Johnson,Ipomoea limosa,Convolvulaceae
Ipomoea tiliacea (Willd.) Choisy,Ipomoea tiliacea,Convolvulaceae
Polymeria quadrivalvis R.Br.,Polymeria quadrivalvis,Convolvulaceae
Polymeria subhirsuta Domin,Polymeria subhirsuta,Convolvulaceae
Solanum adoxum A.R.Bean,Solanum adoxum,Solanaceae
Solanum argopetalum A.R.Bean,Solanum argopetalum,Solanaceae
Solanum capitaneum A.R.Bean,Solanum capitaneum,Solanaceae
Solanum chillagoense (Domin) A.R.Bean,Solanum chillagoense,Solanaceae
Solanum crebrispinum A.R.Bean,Solanum crebrispinum,Solanaceae
Solanum dimorphispinum C.T.White,Solanum dimorphispinum,Solanaceae
Solanum dryanderense A.R.Bean,Solanum dryanderense,Solanaceae
Solanum dumicola A.R.Bean,Solanum dumicola,Solanaceae
Solanum dunalianum Gaudich.,Solanum dunalianum,Solanaceae
Solanum dysprosium A.R.Bean,Solanum dysprosium,Solanaceae
Solanum eminens A.R.Bean,Solanum eminens,Solanaceae
Solanum fecundum A.R.Bean,Solanum fecundum,Solanaceae
Solanum ferox L.,Solanum ferox,Solanaceae
Solanum fervens A.R.Bean,Solanum fervens,Solanaceae
Solanum francisii A.R.Bean,Solanum francisii,Solanaceae
Solanum graniticum A.R.Bean,Solanum graniticum,Solanaceae
Solanum latens A.R.Bean,Solanum latens,Solanaceae
Solanum lythrocarpum A.R.Bean,Solanum lythrocarpum,Solanaceae
Solanum orgadophilum A.R.Bean,Solanum orgadophilum,Solanaceae
Solanum pisinnum A.R.Bean,Solanum pisinnum,Solanaceae
Solanum prolatum A.R.Bean,Solanum prolatum,Solanaceae
Solanum pusillum A.R.Bean,Solanum pusillum,Solanaceae
Solanum senticosum A.R.Bean,Solanum senticosum,Solanaceae
Solanum ultimum A.R.Bean,Solanum ultimum,Solanaceae
Solanum unispinum A.R.Bean,Solanum unispinum,Solanaceae
Solanum versicolor A.R.Bean,Solanum versicolor,Solanaceae
Trianthema compactum C.T.White,Trianthema compactum,Aizoaceae
Achyranthes bidentata Blume,Achyranthes bidentata,Amaranthaceae
Gomphrena arida J.Palmer,Gomphrena arida,Amaranthaceae
Gomphrena conferta Benth.,Gomphrena conferta,Amaranthaceae
Gomphrena leontopodioides Domin,Gomphrena leontopodioides,Amaranthaceae
Gomphrena leptophylla (Benth.) J.Palmer,Gomphrena leptophylla,Amaranthaceae
Kelita uncinella A.R.Bean,Kelita uncinella,Amaranthaceae
Nyssanthes longistyla C.H.Mill.,Nyssanthes longistyla,Amaranthaceae
Omegandra kanisii G.J.Leach & C.C.Towns.,Omegandra kanisii,Amaranthaceae
Ptilotus brachyanthus (F.Muell. ex Benth.) F.Muell.,Ptilotus brachyanthus,Amaranthaceae
Ptilotus extenuatus Benl,Ptilotus extenuatus,Amaranthaceae
Polycarpaea arida Pedley,Polycarpaea arida,Caryophyllaceae
Atriplex alces Edginton & E.J.Thomps.,Atriplex alces,Chenopodiaceae
Atriplex cornigera Domin,Atriplex cornigera,Chenopodiaceae
Atriplex humilis F.Muell.,Atriplex humilis,Chenopodiaceae
Atriplex intermedia R.H.Anderson,Atriplex intermedia,Chenopodiaceae
Atriplex macropterocarpa (Aellen) H.Eichler,Atriplex macropterocarpa,Chenopodiaceae
Atriplex morrisii R.H.Anderson,Atriplex morrisii,Chenopodiaceae
Atriplex nessorhina S.W.L.Jacobs,Atriplex nessorhina,Chenopodiaceae
Chenopodium auricomiforme Murr & Thell.,Chenopodium auricomiforme,Chenopodiaceae
Chenopodium hubbardii Aellen,Chenopodium hubbardii,Chenopodiaceae
Dissocarpus latifolius (J.M.Black) Paul G.Wilson,Dissocarpus latifolius,Chenopodiaceae
Maireana dichoptera (F.Muell.) Paul G.Wilson,Maireana dichoptera,Chenopodiaceae
Maireana microcarpa (Benth.) Paul G.Wilson,Maireana microcarpa,Chenopodiaceae
Malacocera albolanata (Ising) Chinnock,Malacocera albolanata,Chenopodiaceae
Osteocarpum pentapterum (F.Muell. & Tate) Volkens,Osteocarpum pentapterum,Chenopodiaceae
Sclerolaena blackiana (Ising) A.J.Scott,Sclerolaena blackiana,Chenopodiaceae
Sclerolaena blakei (Ising) A.J.Scott,Sclerolaena blakei,Chenopodiaceae
Sclerolaena holtiana (Ising) A.J.Scott,Sclerolaena holtiana,Chenopodiaceae
Sclerolaena ramulosa (C.T.White) A.J.Scott,Sclerolaena ramulosa,Chenopodiaceae
Sclerolaena tubata (R.H.Anderson) A.J.Scott,Sclerolaena tubata,Chenopodiaceae
Sclerolaena walkeri (C.T.White) A.J.Scott,Sclerolaena walkeri,Chenopodiaceae
Tecticornia cupuliformis (Paul G.Wilson) K.A.Sheph. & Paul G.Wilson,Tecticornia cupuliformis,Chenopodiaceae
Tecticornia medullosa (Paul G.Wilson) K.A.Sheph. & Paul G.Wilson,Tecticornia medullosa,Chenopodiaceae
Frankenia adpressa Summerh.,Frankenia adpressa,Frankeniaceae
Frankenia annua Summerh.,Frankenia annua,Frankeniaceae
Frankenia latior Sprague & Summerh.,Frankenia latior,Frankeniaceae
Frankenia orthotricha (J.M.Black) J.M.Black,Frankenia orthotricha,Frankeniaceae
Frankenia pseudoflabellata Summerh.,Frankenia pseudoflabellata,Frankeniaceae
Frankenia scabra Lindl.,Frankenia scabra,Frankeniaceae
Macarthuria complanata E.M.Ross,Macarthuria complanata,Limeaceae
Glinus sessiliflorus P.S.Short,Glinus sessiliflorus,Molluginaceae
Boerhavia schomburgkiana Oliv.,Boerhavia schomburgkiana,Nyctaginaceae
Commicarpus insularum Meikle,Commicarpus insularum,Nyctaginaceae
Muehlenbeckia triloba Danser,Muehlenbeckia triloba,Polygonaceae
Portulaca tuberosa Roxb.,Portulaca tuberosa,Portulacaceae
Sedopsis armitii (F.Muell.) Poelln.,Sedopsis armitii,Portulacaceae
Ceratophyllum muricatum Cham.,Ceratophyllum muricatum,Ceratophyllaceae
Beilschmiedia brunnea B.Hyland,Beilschmiedia brunnea,Lauraceae
Beilschmiedia castrisinensis B.Hyland,Beilschmiedia castrisinensis,Lauraceae
Cryptocarya brassii C.K.Allen,Cryptocarya brassii,Lauraceae
Cryptocarya clarksoniana B.Hyland,Cryptocarya clarksoniana,Lauraceae
Cryptocarya cocosoides B.Hyland,Cryptocarya cocosoides,Lauraceae
Cryptocarya endiandrifolia Kosterm.,Cryptocarya endiandrifolia,Lauraceae
Cryptocarya glaucocarpa B.Hyland,Cryptocarya glaucocarpa,Lauraceae
Cryptocarya lividula B.Hyland,Cryptocarya lividula,Lauraceae
Cryptocarya putida B.Hyland,Cryptocarya putida,Lauraceae
Cryptocarya saccharata B.Hyland,Cryptocarya saccharata,Lauraceae
Cryptocarya smaragdina B.Hyland,Cryptocarya smaragdina,Lauraceae
Cryptocarya whiffiniana Le Cussan & B.Hyland,Cryptocarya whiffiniana,Lauraceae
Endiandra collinsii B.Hyland,Endiandra collinsii,Lauraceae
Endiandra dielsiana Teschner,Endiandra dielsiana,Lauraceae
Endiandra jonesii B.Hyland,Endiandra jonesii,Lauraceae
Endiandra limnophila B.Hyland,Endiandra limnophila,Lauraceae
Litsea bennettii B.Hyland,Litsea bennettii,Lauraceae
Dryadodaphne trachyphloia Schodde,Dryadodaphne trachyphloia,Monimiaceae
Hemmantia webbii Whiffin,Hemmantia webbii,Monimiaceae
Steganthera cooperorum Whiffin,Steganthera cooperorum,Monimiaceae
Wilkiea wardellii (F.Muell.) Perkins,Wilkiea wardellii,Monimiaceae
Caldesia parnassifolia (Bassi ex L.) Parl.,Caldesia parnassifolia,Alismataceae
Aponogeton cuneatus S.W.L.Jacobs,Aponogeton cuneatus,Aponogetonaceae
Aponogeton prolifer Hellq. & S.W.L.Jacobs,Aponogeton prolifer,Aponogetonaceae
Typhonium weipanum A.Hay,Typhonium weipanum,Araceae
Cymodocea rotundata Ehrenb. & Hempr. ex Asch. & Schweinf.,Cymodocea rotundata,Cymodoceaceae
Halodule tridentata (Steinh.) Endl. ex Unger,Halodule tridentata,Cymodoceaceae
Thalassodendron ciliatum (Forssk.) Hartog,Thalassodendron ciliatum,Cymodoceaceae
Blyxa echinosperma (C.B.Clarke) Hook.f.,Blyxa echinosperma,Hydrocharitaceae
Blyxa octandra (Roxb.) Thwaites,Blyxa octandra,Hydrocharitaceae
Enhalus acoroides (L.f.) Royle,Enhalus acoroides,Hydrocharitaceae
Halophila minor (Zoll.) Hartog,Halophila minor,Hydrocharitaceae
Halophila tricostata Greenway,Halophila tricostata,Hydrocharitaceae
Najas browniana Rendle,Najas browniana,Hydrocharitaceae
Najas halophila Triest,Najas halophila,Hydrocharitaceae
Vallisneria caulescens F.M.Bailey & F.Muell. ex F.M.Bailey,Vallisneria caulescens,Hydrocharitaceae
Vallisneria erecta S.W.L.Jacobs,Vallisneria erecta,Hydrocharitaceae
Vallisneria gracilis F.M.Bailey,Vallisneria gracilis,Hydrocharitaceae
Triglochin centrocarpa Hook.,Triglochin centrocarpa,Juncaginaceae
Althenia australis (J.Drumm. ex Harv.) F.Muell.,Althenia australis,Potamogetonaceae
Althenia bilocularis (Kirk) Cockayne,Althenia bilocularis,Potamogetonaceae
"Crinum lakefieldense Lehmiller, Lykos & R.Ham.",Crinum lakefieldense,Amaryllidaceae
Crinum venosum R.Br.,Crinum venosum,Amaryllidaceae
"Crinum yorkense Lehmiller, Lykos & R.Ham.",Crinum yorkense,Amaryllidaceae
Lomandra teres T.D.Macfarl.,Lomandra teres,Asparagaceae
Sowerbaea subtilis D.A.Stewart,Sowerbaea subtilis,Asparagaceae
Borya inopinata P.I.Forst. & E.J.Thomps.,Borya inopinata,Boryaceae
Dianella pavopennacea R.J.F.Hend.,Dianella pavopennacea,Hemerocallidaceae
Acianthus ledwardii Rupp,Acianthus ledwardii,Orchidaceae
Arthrochilus apectus D.L.Jones,Arthrochilus apectus,Orchidaceae
Arthrochilus aquilus D.L.Jones,Arthrochilus aquilus,Orchidaceae
Arthrochilus stenophyllus D.L.Jones,Arthrochilus stenophyllus,Orchidaceae
Bryobium dischorense (Schltr.) M.A.Clem. & D.L.Jones,Bryobium dischorense,Orchidaceae
Bulbophyllum maxillare (Lindl.) Rchb.f.,Bulbophyllum maxillare,Orchidaceae
Cadetia uniflos (F.M.Bailey) M.T.Mathieson,Cadetia uniflos,Orchidaceae
Caladenia chamaephylla D.L.Jones,Caladenia chamaephylla,Orchidaceae
Calochilus ammobius D.L.Jones & B.Gray,Calochilus ammobius,Orchidaceae
Calochilus cleistanthus D.L.Jones,Calochilus cleistanthus,Orchidaceae
Calochilus metallicus D.L.Jones,Calochilus metallicus,Orchidaceae
Calochilus psednus D.L.Jones & Lavarack,Calochilus psednus,Orchidaceae
Cooktownia robertsii D.L.Jones,Cooktownia robertsii,Orchidaceae
Corunastylis conferta (D.L.Jones) D.L.Jones & M.A.Clem.,Corunastylis conferta,Orchidaceae
Corunastylis parvicalla (Rupp) D.L.Jones & M.A.Clem.,Corunastylis parvicalla,Orchidaceae
Corunastylis pedersonii (D.L.Jones) D.L.Jones & M.A.Clem.,Corunastylis pedersonii,Orchidaceae
Corunastylis valida (D.L.Jones) D.L.Jones & M.A.Clem.,Corunastylis valida,Orchidaceae
Demorchis umbrosa (B.Gray) D.L.Jones & M.A.Clem.,Demorchis umbrosa,Orchidaceae
Dendrobium lobbii Teijsm. & Binn.,Dendrobium lobbii,Orchidaceae
Dendrobium mirbelianum Gaudich.,Dendrobium mirbelianum,Orchidaceae
Didymoplexis micradenia (Rchb.f.) Hemsl.,Didymoplexis micradenia,Orchidaceae
Eulophia bicallosa (D.Don) P.F.Hunt & Summerh.,Eulophia bicallosa,Orchidaceae
Eulophia zollingeri (Rchb.f.) J.J.Sm.,Eulophia zollingeri,Orchidaceae
Gastrodia crebriflora D.L.Jones,Gastrodia crebriflora,Orchidaceae
Gastrodia urceolata D.L.Jones,Gastrodia urceolata,Orchidaceae
Goodyera viridiflora (Blume) Lindl. ex D.Dietr.,Goodyera viridiflora,Orchidaceae
Liparis petricola (D.L.Jones & B.Gray) Bostock,Liparis petricola,Orchidaceae
Oberonia attenuata Dockrill,Oberonia attenuata,Orchidaceae
Oeceoclades pelorica (D.L.Jones & M.A.Clem.) D.L.Jones & M.A.Clem.,Oeceoclades pelorica,Orchidaceae
Pecteilis chlorosepala (D.L.Jones) M.A.Clem. & D.L.Jones,Pecteilis chlorosepala,Orchidaceae
Pecteilis dockrillii D.L.Jones & M.A.Clem.,Pecteilis dockrillii,Orchidaceae
Pecteilis euryloba (D.L.Jones) M.A.Clem. & D.L.Jones,Pecteilis euryloba,Orchidaceae
Pecteilis exilis (D.L.Jones) M.A.Clem. & D.L.Jones,Pecteilis exilis,Orchidaceae
Pecteilis fuscina (D.L.Jones) M.A.Clem. & D.L.Jones,Pecteilis fuscina,Orchidaceae
Pecteilis vatia (D.L.Jones ex M.T.Mathieson) M.A.Clem. & D.L.Jones,Pecteilis vatia,Orchidaceae
Pecteilis xanthantha (F.Muell.) M.A.Clem. & D.L.Jones,Pecteilis xanthantha,Orchidaceae
Peristylus banfieldii (F.M.Bailey) Lavarack,Peristylus banfieldii,Orchidaceae
Peristylus candidus J.J.Sm.,Peristylus candidus,Orchidaceae
Peristylus papuanus (Kraenzl.) J.J.Sm.,Peristylus papuanus,Orchidaceae
Phoringopsis lavarackiana D.L.Jones,Phoringopsis lavarackiana,Orchidaceae
Prasophyllum incompositum D.L.Jones,Prasophyllum incompositum,Orchidaceae
Prasophyllum wallum R.J.Bates & D.L.Jones,Prasophyllum wallum,Orchidaceae
Pterostylis anaclasta (D.L.Jones) Janes & Duretto,Pterostylis anaclasta,Orchidaceae
Pterostylis aquilonia D.L.Jones & B.Gray,Pterostylis aquilonia,Orchidaceae
Pterostylis borealis (D.L.Jones) D.L.Jones,Pterostylis borealis,Orchidaceae
Pterostylis caligna M.T.Mathieson,Pterostylis caligna,Orchidaceae
Pterostylis extranea (D.L.Jones) Janes & Duretto,Pterostylis extranea,Orchidaceae
Pterostylis mystacina (D.L.Jones) Janes & Duretto,Pterostylis mystacina,Orchidaceae
Pterostylis pearsonii (D.L.Jones) Janes & Duretto,Pterostylis pearsonii,Orchidaceae
Pterostylis scoliosa D.L.Jones,Pterostylis scoliosa,Orchidaceae
Pterostylis thulia (D.L.Jones) Janes & Duretto,Pterostylis thulia,Orchidaceae
Rhizanthella omissa D.L.Jones & M.A.Clem.,Rhizanthella omissa,Orchidaceae
Sarcanthopsis warocqueana (Rolfe) Garay,Sarcanthopsis warocqueana,Orchidaceae
Taeniophyllum baumei B.Gray,Taeniophyllum baumei,Orchidaceae
Taeniophyllum epacridicola B.Gray,Taeniophyllum epacridicola,Orchidaceae
Taeniophyllum explanatum B.Gray,Taeniophyllum explanatum,Orchidaceae
Taeniophyllum triquetroradix B.Gray,Taeniophyllum triquetroradix,Orchidaceae
Taeniophyllum walkeri B.Gray,Taeniophyllum walkeri,Orchidaceae
Aneilema sclerocarpum F.Muell.,Aneilema sclerocarpum,Commelinaceae
Commelina tricarinata Stanley,Commelina tricarinata,Commelinaceae
Tapheocarpa calandrinioides (F.Muell.) Conran,Tapheocarpa calandrinioides,Commelinaceae
Dioscorea pentaphylla L.,Dioscorea pentaphylla,Dioscoreaceae
Thismia yorkensis Cribb,Thismia yorkensis,Thismiaceae
Ripogonum danesii Domin,Ripogonum danesii,Ripogonaceae
Smilax kaniensis K.Krause,Smilax kaniensis,Smilacaceae
Smilax macrophylla Roxb.,Smilax macrophylla,Smilacaceae
Stemona angusta I.Telford,Stemona angusta,Stemonaceae
Sciaphila densiflora Schltr.,Sciaphila densiflora,Triuridaceae
Actinoscirpus grossus (L.f.) Goetgh. & D.A.Simpson,Actinoscirpus grossus,Cyperaceae
Bulbostylis pyriformis S.T.Blake,Bulbostylis pyriformis,Cyperaceae
Bulbostylis turbinata S.T.Blake,Bulbostylis turbinata,Cyperaceae
Carex breviscapa C.B.Clarke,Carex breviscapa,Cyperaceae
Carex cryptostachys Brongn.,Carex cryptostachys,Cyperaceae
Carex indica L.,Carex indica,Cyperaceae
Carex lophocarpa C.B.Clarke,Carex lophocarpa,Cyperaceae
Carex phacota Spreng.,Carex phacota,Cyperaceae
Carex rafflesiana Boott,Carex rafflesiana,Cyperaceae
"Cyperus alaticaulis R.Booth, D.J.Moore & Hodgon",Cyperus alaticaulis,Cyperaceae
Cyperus albescens (Steud.) Larridon & Govaerts,Cyperus albescens,Cyperaceae
Cyperus angustatus R.Br.,Cyperus angustatus,Cyperaceae
Cyperus astartodes K.L.Wilson,Cyperus astartodes,Cyperaceae
Cyperus blakeanus K.L.Wilson,Cyperus blakeanus,Cyperaceae
Cyperus cephalotes Vahl,Cyperus cephalotes,Cyperaceae
Cyperus compactus Retz.,Cyperus compactus,Cyperaceae
Cyperus crispulus K.L.Wilson,Cyperus crispulus,Cyperaceae
Cyperus cristulatus S.T.Blake,Cyperus cristulatus,Cyperaceae
Cyperus curvistylis J.Kern,Cyperus curvistylis,Cyperaceae
"Cyperus eboracensis R.Booth, D.J.Moore & Hodgon",Cyperus eboracensis,Cyperaceae
Cyperus flavidus Retz.,Cyperus flavidus,Cyperaceae
Cyperus fucosus K.L.Wilson,Cyperus fucosus,Cyperaceae
Cyperus hyalinus Vahl,Cyperus hyalinus,Cyperaceae
Cyperus macrostachyos Lam.,Cyperus macrostachyos,Cyperaceae
"Cyperus multispiceus R.Booth, D.J.Moore & Hodgon",Cyperus multispiceus,Cyperaceae
Cyperus nervulosus (Kük.) S.T.Blake,Cyperus nervulosus,Cyperaceae
Cyperus nutans Vahl,Cyperus nutans,Cyperaceae
Cyperus ohwii Kük.,Cyperus ohwii,Cyperaceae
Cyperus orgadophilus K.L.Wilson,Cyperus orgadophilus,Cyperaceae
Cyperus paniceus (Rottb.) Boeckeler,Cyperus paniceus,Cyperaceae
Cyperus portae-tartari K.L.Wilson,Cyperus portae-tartari,Cyperaceae
Cyperus pumilus L.,Cyperus pumilus,Cyperaceae
Cyperus ramosus (Benth.) Domin,Cyperus ramosus,Cyperaceae
Cyperus rubicundus Vahl,Cyperus rubicundus,Cyperaceae
Cyperus rupicola S.T.Blake,Cyperus rupicola,Cyperaceae
Cyperus sculptus S.T.Blake,Cyperus sculptus,Cyperaceae
Cyperus serotinus Rottb.,Cyperus serotinus,Cyperaceae
Cyperus sexflorus R.Br.,Cyperus sexflorus,Cyperaceae
"Cyperus sharpei R.Booth, D.J.Moore & Hodgon",Cyperus sharpei,Cyperaceae
Cyperus sulcinux C.B.Clarke,Cyperus sulcinux,Cyperaceae
Cyperus tenuiculmis Boeckeler,Cyperus tenuiculmis,Cyperaceae
Eleocharis acutangula (Roxb.) Schult.,Eleocharis acutangula,Cyperaceae
Eleocharis atropurpurea (Retz.) J.Presl & C.Presl,Eleocharis atropurpurea,Cyperaceae
Eleocharis caespitosissima Baker,Eleocharis caespitosissima,Cyperaceae
Eleocharis jacobsiana K.L.Wilson,Eleocharis jacobsiana,Cyperaceae
Eleocharis ochrostachys Steud.,Eleocharis ochrostachys,Cyperaceae
Eleocharis rivalis K.L.Wilson,Eleocharis rivalis,Cyperaceae
Eleocharis sanguinolenta K.L.Wilson,Eleocharis sanguinolenta,Cyperaceae
Eleocharis setifolia (A.Rich.) J.Raynal,Eleocharis setifolia,Cyperaceae
Eleocharis spiralis (Rottb.) Roem. & Schult.,Eleocharis spiralis,Cyperaceae
Eleocharis sundaica J.Kern,Eleocharis sundaica,Cyperaceae
Fimbristylis adjuncta S.T.Blake,Fimbristylis adjuncta,Cyperaceae
Fimbristylis blakei Latz,Fimbristylis blakei,Cyperaceae
Fimbristylis buchananensis R.Booth & P.R.Sharpe,Fimbristylis buchananensis,Cyperaceae
Fimbristylis cardiocarpa F.Muell.,Fimbristylis cardiocarpa,Cyperaceae
Fimbristylis carolinii Latz,Fimbristylis carolinii,Cyperaceae
Fimbristylis clavata S.T.Blake,Fimbristylis clavata,Cyperaceae
Fimbristylis complanata (Retz.) Link,Fimbristylis complanata,Cyperaceae
Fimbristylis corynocarya F.Muell.,Fimbristylis corynocarya,Cyperaceae
Fimbristylis costiglumis Domin,Fimbristylis costiglumis,Cyperaceae
Fimbristylis densa S.T.Blake,Fimbristylis densa,Cyperaceae
Fimbristylis denudata R.Br.,Fimbristylis denudata,Cyperaceae
Fimbristylis dictyocolea S.T.Blake,Fimbristylis dictyocolea,Cyperaceae
Fimbristylis distincta S.T.Blake,Fimbristylis distincta,Cyperaceae
Fimbristylis dolera S.T.Blake,Fimbristylis dolera,Cyperaceae
Fimbristylis elegans S.T.Blake,Fimbristylis elegans,Cyperaceae
Fimbristylis eragrostis (Nees & Meyen ex Nees) Hance,Fimbristylis eragrostis,Cyperaceae
Fimbristylis furva R.Br.,Fimbristylis furva,Cyperaceae
Fimbristylis insignis Thwaites,Fimbristylis insignis,Cyperaceae
Fimbristylis leucocolea Benth.,Fimbristylis leucocolea,Cyperaceae
Fimbristylis macrantha Boeckeler,Fimbristylis macrantha,Cyperaceae
Fimbristylis micans S.T.Blake,Fimbristylis micans,Cyperaceae
Fimbristylis modesta S.T.Blake,Fimbristylis modesta,Cyperaceae
Fimbristylis neilsonii F.Muell.,Fimbristylis neilsonii,Cyperaceae
Fimbristylis odontocarpa S.T.Blake,Fimbristylis odontocarpa,Cyperaceae
Fimbristylis oxystachya F.Muell.,Fimbristylis oxystachya,Cyperaceae
Fimbristylis pachyptera S.T.Blake,Fimbristylis pachyptera,Cyperaceae
Fimbristylis phaeoleuca S.T.Blake,Fimbristylis phaeoleuca,Cyperaceae
Fimbristylis pterigosperma R.Br.,Fimbristylis pterigosperma,Cyperaceae
Fimbristylis punctata R.Br.,Fimbristylis punctata,Cyperaceae
Fimbristylis quinquangularis (Vahl) Kunth,Fimbristylis quinquangularis,Cyperaceae
Fimbristylis schultzii Boeckeler,Fimbristylis schultzii,Cyperaceae
Fimbristylis sericea R.Br.,Fimbristylis sericea,Cyperaceae
Fimbristylis sphaerocephala Benth.,Fimbristylis sphaerocephala,Cyperaceae
Fimbristylis squarrulosa F.Muell.,Fimbristylis squarrulosa,Cyperaceae
Fimbristylis stenostachya S.T.Blake,Fimbristylis stenostachya,Cyperaceae
Fimbristylis triloba R.Booth & P.R.Sharpe,Fimbristylis triloba,Cyperaceae
Fimbristylis vagans S.T.Blake,Fimbristylis vagans,Cyperaceae
Fuirena arenosa R.Br.,Fuirena arenosa,Cyperaceae
Fuirena nudiflora S.T.Blake,Fuirena nudiflora,Cyperaceae
Machaerina muelleri (C.B.Clarke) T.Koyama,Machaerina muelleri,Cyperaceae
Machaerina nuda (Steud.) J.Kern,Machaerina nuda,Cyperaceae
Mapania macrocephala (Gaudich.) K.Schum.,Mapania macrocephala,Cyperaceae
Rhynchospora affinis W.Fitzg.,Rhynchospora affinis,Cyperaceae
Rhynchospora corymbifera Nees,Rhynchospora corymbifera,Cyperaceae
Rhynchospora croydonensis R.Booth,Rhynchospora croydonensis,Cyperaceae
Rhynchospora exserta C.B.Clarke,Rhynchospora exserta,Cyperaceae
Rhynchospora gracillima Thwaites,Rhynchospora gracillima,Cyperaceae
Rhynchospora longisetis R.Br.,Rhynchospora longisetis,Cyperaceae
Rhynchospora submarginata Kük.,Rhynchospora submarginata,Cyperaceae
Rhynchospora subtenuifolia Kük.,Rhynchospora subtenuifolia,Cyperaceae
Rhynchospora wightiana (Nees) Steud.,Rhynchospora wightiana,Cyperaceae
Schoenoplectiella articulata (L.) Lye,Schoenoplectiella articulata,Cyperaceae
Schoenoplectiella lateriflora (J.F.Gmel.) Lye,Schoenoplectiella lateriflora,Cyperaceae
Schoenus punctatus R.Br.,Schoenus punctatus,Cyperaceae
Schoenus rupicola Musili & J.J.Bruhl,Schoenus rupicola,Cyperaceae
Scleria carphiformis Ridl.,Scleria carphiformis,Cyperaceae
Scleria corymbosa Roxb.,Scleria corymbosa,Cyperaceae
Scleria pergracilis (Nees) Kunth,Scleria pergracilis,Cyperaceae
Scleria psilorrhiza C.B.Clarke,Scleria psilorrhiza,Cyperaceae
Scleria scrobiculata Nees & Meyen,Scleria scrobiculata,Cyperaceae
Scleria terrestris (L.) Fassett,Scleria terrestris,Cyperaceae
Scleria tryonii Domin,Scleria tryonii,Cyperaceae
Tricostularia undulata (Thwaites) J.Kern,Tricostularia undulata,Cyperaceae
Eriocaulon aloefolium R.J.Davies,Eriocaulon aloefolium,Eriocaulaceae
Eriocaulon bifistulosum Van Heurck & Müll.Arg.,Eriocaulon bifistulosum,Eriocaulaceae
Eriocaulon carpentariae G.J.Leach,Eriocaulon carpentariae,Eriocaulaceae
Eriocaulon clarksonii G.J.Leach,Eriocaulon clarksonii,Eriocaulaceae
Eriocaulon concretum F.Muell.,Eriocaulon concretum,Eriocaulaceae
Eriocaulon giganticum R.J.Davies,Eriocaulon giganticum,Eriocaulaceae
Eriocaulon nematophyllum G.J.Leach,Eriocaulon nematophyllum,Eriocaulaceae
Eriocaulon pallidum R.Br.,Eriocaulon pallidum,Eriocaulaceae
Eriocaulon spectabile F.Muell.,Eriocaulon spectabile,Eriocaulaceae
Eriocaulon truncatum Buch.-Ham. ex Mart.,Eriocaulon truncatum,Eriocaulaceae
Eriocaulon willdenovianum Moldenke,Eriocaulon willdenovianum,Eriocaulaceae
Eriocaulon wolseleyi G.J.Leach,Eriocaulon wolseleyi,Eriocaulaceae
Eriocaulon zollingerianum Körn.,Eriocaulon zollingerianum,Eriocaulaceae
Juncus firmus L.A.S.Johnson,Juncus firmus,Juncaceae
Juncus ochrocoleus L.A.S.Johnson,Juncus ochrocoleus,Juncaceae
Juncus subglaucus L.A.S.Johnson,Juncus subglaucus,Juncaceae
Amphibromus whitei C.E.Hubb.,Amphibromus whitei,Poaceae
Anthosachne fertilis (S.Wang ex S.W.L.Jacobs & Barkworth) Barkworth & S.W.L.Jacobs,Anthosachne fertilis,Poaceae
Apluda mutica L.,Apluda mutica,Poaceae
Aristida annua B.K.Simon,Aristida annua,Poaceae
Aristida biglandulosa J.M.Black,Aristida biglandulosa,Poaceae
Aristida blakei B.K.Simon,Aristida blakei,Poaceae
Aristida burraensis B.K.Simon,Aristida burraensis,Poaceae
Aristida dominii B.K.Simon,Aristida dominii,Poaceae
Aristida echinata Henrard,Aristida echinata,Poaceae
Aristida exserta S.T.Blake,Aristida exserta,Poaceae
Aristida forsteri B.K.Simon,Aristida forsteri,Poaceae
Aristida granitica B.K.Simon,Aristida granitica,Poaceae
Aristida helicophylla S.T.Blake,Aristida helicophylla,Poaceae
Aristida jacobsiana B.K.Simon & Cowie,Aristida jacobsiana,Poaceae
Aristida longicollis (Domin) Henrard,Aristida longicollis,Poaceae
Aristida muricata Henrard,Aristida muricata,Poaceae
Aristida polyclados Domin,Aristida polyclados,Poaceae
Aristida psammophila Henrard,Aristida psammophila,Poaceae
Aristida schultzii Mez,Aristida schultzii,Poaceae
Aristida sciuroides Domin,Aristida sciuroides,Poaceae
Aristida strigosa (Henrard) S.T.Blake ex J.M.Black,Aristida strigosa,Poaceae
Aristida thompsonii B.K.Simon,Aristida thompsonii,Poaceae
Arthragrostis aristispicula B.K.Simon,Arthragrostis aristispicula,Poaceae
Arthragrostis brassiana B.K.Simon,Arthragrostis brassiana,Poaceae
Arthragrostis clarksoniana B.K.Simon,Arthragrostis clarksoniana,Poaceae
Arthraxon castratus (Griff.) V.Naray. ex Bor,Arthraxon castratus,Poaceae
Arundinella montana S.T.Blake,Arundinella montana,Poaceae
"Austrostipa blakei (Vickery, S.W.L.Jacobs & J.Everett) S.W.L.Jacobs & J.Everett",Austrostipa blakei,Poaceae
Calyptochloa johnsoniana E.J.Thomps. & B.K.Simon,Calyptochloa johnsoniana,Poaceae
Centotheca philippinensis (Merr.) C.Monod,Centotheca philippinensis,Poaceae
Chamaeraphis hordeacea R.Br.,Chamaeraphis hordeacea,Poaceae
Chionachne hubbardiana Henrard,Chionachne hubbardiana,Poaceae
Chrysopogon rigidus (B.K.Simon) Veldkamp,Chrysopogon rigidus,Poaceae
Cleistochloa sclerachne (F.M.Bailey) C.E.Hubb.,Cleistochloa sclerachne,Poaceae
Coix gasteenii B.K.Simon,Coix gasteenii,Poaceae
Cymbopogon globosus Henrard,Cymbopogon globosus,Poaceae
Cymbopogon gratus Domin,Cymbopogon gratus,Poaceae
Cynodon simonii P.M.Peterson,Cynodon simonii,Poaceae
Cyrtococcum accrescens (Trin.) Stapf,Cyrtococcum accrescens,Poaceae
Cyrtococcum capitis-york B.K.Simon,Cyrtococcum capitis-york,Poaceae
Cyrtococcum patens (L.) A.Camus,Cyrtococcum patens,Poaceae
Dallwatsonia felliana B.K.Simon,Dallwatsonia felliana,Poaceae
Deyeuxia decipiens (R.Br.) Vickery,Deyeuxia decipiens,Poaceae
Deyeuxia imbricata Vickery,Deyeuxia imbricata,Poaceae
Deyeuxia rodwayi Vickery,Deyeuxia rodwayi,Poaceae
Dichelachne parva B.K.Simon,Dichelachne parva,Poaceae
Digitaria baileyi (Benth.) Hughes,Digitaria baileyi,Poaceae
Digitaria basaltica B.K.Simon,Digitaria basaltica,Poaceae
Digitaria blakei Henrard,Digitaria blakei,Poaceae
Digitaria dolleryi B.K.Simon,Digitaria dolleryi,Poaceae
Digitaria fumida S.T.Blake,Digitaria fumida,Poaceae
Digitaria gibbosa (R.Br.) P.Beauv.,Digitaria gibbosa,Poaceae
Digitaria imbricata R.D.Webster,Digitaria imbricata,Poaceae
Digitaria lanceolata R.D.Webster,Digitaria lanceolata,Poaceae
Digitaria oraria R.D.Webster,Digitaria oraria,Poaceae
Digitaria orbata Hughes,Digitaria orbata,Poaceae
Digitaria papposa (R.Br.) P.Beauv.,Digitaria papposa,Poaceae
Digitaria radicosa (J.Presl) Miq.,Digitaria radicosa,Poaceae
Digitaria sharpeana B.K.Simon,Digitaria sharpeana,Poaceae
Digitaria veldkampiana B.K.Simon,Digitaria veldkampiana,Poaceae
Dimeria chloridiformis (Gaudich.) K.Schum. & Lauterb.,Dimeria chloridiformis,Poaceae
Dinebra ligulata (Lazarides) P.M.Peterson & N.Snow,Dinebra ligulata,Poaceae
Dinebra simoniana (N.Snow) P.M.Peterson & N.Snow,Dinebra simoniana,Poaceae
Echinochloa elliptica P.W.Michael & Vickery,Echinochloa elliptica,Poaceae
Echinochloa kimberleyensis P.W.Michael & Vickery,Echinochloa kimberleyensis,Poaceae
Echinochloa picta P.W.Michael,Echinochloa picta,Poaceae
Ectrosia anomala C.E.Hubb.,Ectrosia anomala,Poaceae
Ectrosia appressa S.T.Blake,Ectrosia appressa,Poaceae
Ectrosia danesii Domin,Ectrosia danesii,Poaceae
Ectrosia laxa S.T.Blake,Ectrosia laxa,Poaceae
Ectrosia ovata Night.,Ectrosia ovata,Poaceae
Elionurus purpureus E.J.Thomps.,Elionurus purpureus,Poaceae
Enneapogon asperatus C.E.Hubb.,Enneapogon asperatus,Poaceae
Enneapogon truncatus Kakudidi,Enneapogon truncatus,Poaceae
Enteropogon dolichostachyus (Lag.) Keng ex Lazarides,Enteropogon dolichostachyus,Poaceae
Entolasia minutifolia B.K.Simon,Entolasia minutifolia,Poaceae
Eragrostis capitula Lazarides,Eragrostis capitula,Poaceae
Eragrostis cassa Lazarides,Eragrostis cassa,Poaceae
Eragrostis concinna (R.Br.) Steud.,Eragrostis concinna,Poaceae
Eragrostis desertorum Domin,Eragrostis desertorum,Poaceae
Eragrostis fenshamii B.K.Simon,Eragrostis fenshamii,Poaceae
Eragrostis jerichoensis B.K.Simon,Eragrostis jerichoensis,Poaceae
Eragrostis longipedicellata B.K.Simon,Eragrostis longipedicellata,Poaceae
Eragrostis rigidiuscula Domin,Eragrostis rigidiuscula,Poaceae
Eragrostis stenostachya (R.Br.) Steud.,Eragrostis stenostachya,Poaceae
Eragrostis sterilis Domin,Eragrostis sterilis,Poaceae
Eragrostis triquetra Lazarides,Eragrostis triquetra,Poaceae
Eragrostis uvida Lazarides,Eragrostis uvida,Poaceae
Eremochloa ciliaris (L.) Merr.,Eremochloa ciliaris,Poaceae
Eremochloa muricata (Retz.) Hack.,Eremochloa muricata,Poaceae
Eriachne basalis Lazarides,Eriachne basalis,Poaceae
Eriachne filiformis W.Hartley,Eriachne filiformis,Poaceae
Eriachne glabrata (Maiden) W.Hartley,Eriachne glabrata,Poaceae
Eriochloa fatmensis (Hochst. ex Steud.) Clayton,Eriochloa fatmensis,Poaceae
Eulalia annua B.K.Simon,Eulalia annua,Poaceae
Eulalia mackinlayi (F.Muell. ex Benth.) Kuntze,Eulalia mackinlayi,Poaceae
Eulalia trispicata (Schult.) Henrard,Eulalia trispicata,Poaceae
Garnotia stricta Brongn.,Garnotia stricta,Poaceae
Germainia capitata Balansa & Poitr.,Germainia capitata,Poaceae
Germainia grandiflora (S.T.Blake) Chai-Anan,Germainia grandiflora,Poaceae
Heterachne baileyi C.E.Hubb.,Heterachne baileyi,Poaceae
Holcolemma dispar Clayton,Holcolemma dispar,Poaceae
Hygrochloa cravenii Lazarides,Hygrochloa cravenii,Poaceae
Isachne minutula (Gaudich.) Kunth,Isachne minutula,Poaceae
Isachne myosotis Nees,Isachne myosotis,Poaceae
Ischaemum polystachyum J.Presl,Ischaemum polystachyum,Poaceae
Ischaemum tropicum B.K.Simon,Ischaemum tropicum,Poaceae
Iseilema ciliatum C.E.Hubb.,Iseilema ciliatum,Poaceae
Iseilema convexum C.E.Hubb.,Iseilema convexum,Poaceae
Iseilema windersii C.E.Hubb.,Iseilema windersii,Poaceae
Lepturus copeanus B.K.Simon,Lepturus copeanus,Poaceae
Lepturus geminatus C.E.Hubb.,Lepturus geminatus,Poaceae
Microstegium nudum (Trin.) A.Camus,Microstegium nudum,Poaceae
Mnesithea pilosa B.K.Simon,Mnesithea pilosa,Poaceae
Oplismenus burmanni (Retz.) P.Beauv.,Oplismenus burmanni,Poaceae
Oryza officinalis Wall. ex G.Watt,Oryza officinalis,Poaceae
Panicum chillagoanum B.K.Simon,Panicum chillagoanum,Poaceae
Panicum incomtum Trin.,Panicum incomtum,Poaceae
Panicum latzii R.D.Webster,Panicum latzii,Poaceae
Panicum mindanaense Merr.,Panicum mindanaense,Poaceae
Panicum obseptum Trin.,Panicum obseptum,Poaceae
Paspalidium caespitosum C.E.Hubb.,Paspalidium caespitosum,Poaceae
Paspalidium flavidum (Retz.) A.Camus,Paspalidium flavidum,Poaceae
Paspalidium johnsonii B.K.Simon,Paspalidium johnsonii,Poaceae
Paspalidium retiglume (Domin) Hughes,Paspalidium retiglume,Poaceae
Paspalidium spartellum S.T.Blake,Paspalidium spartellum,Poaceae
Paspalum multinodum B.K.Simon,Paspalum multinodum,Poaceae
Pseudoraphis jagonis B.K.Simon,Pseudoraphis jagonis,Poaceae
Pseudoraphis minuta (Mez) Pilg.,Pseudoraphis minuta,Poaceae
Schizachyrium crinizonatum S.T.Blake,Schizachyrium crinizonatum,Poaceae
Schizachyrium dolosum S.T.Blake,Schizachyrium dolosum,Poaceae
Schizachyrium occultum S.T.Blake,Schizachyrium occultum,Poaceae
Schizachyrium perplexum S.T.Blake,Schizachyrium perplexum,Poaceae
Scrotochloa tararaensis (Jansen) Judz.,Scrotochloa tararaensis,Poaceae
Scrotochloa urceolata (Roxb.) Judz.,Scrotochloa urceolata,Poaceae
Setaria oplismenoides R.A.W.Herrm.,Setaria oplismenoides,Poaceae
Setaria paspalidioides Vickery,Setaria paspalidioides,Poaceae
Setaria queenslandica Domin,Setaria queenslandica,Poaceae
Sporobolus blakei De Nardi ex B.K.Simon,Sporobolus blakei,Poaceae
Sporobolus contiguus S.T.Blake,Sporobolus contiguus,Poaceae
Sporobolus disjunctus R.Mills ex B.K.Simon,Sporobolus disjunctus,Poaceae
Sporobolus lenticularis S.T.Blake,Sporobolus lenticularis,Poaceae
Sporobolus pulchellus R.Br.,Sporobolus pulchellus,Poaceae
Sporobolus sessilis B.K.Simon,Sporobolus sessilis,Poaceae
Stenotaphrum micranthum (Desv.) C.E.Hubb.,Stenotaphrum micranthum,Poaceae
Thaumastochloa brassii C.E.Hubb.,Thaumastochloa brassii,Poaceae
Thaumastochloa rubra Sosef & de Koning,Thaumastochloa rubra,Poaceae
Thelepogon australiensis B.K.Simon,Thelepogon australiensis,Poaceae
Triodia claytonii Lazarides,Triodia claytonii,Poaceae
Triodia molesta N.T.Burb.,Triodia molesta,Poaceae
Urochloa atrisola R.D.Webster,Urochloa atrisola,Poaceae
Urochloa distachya (L.) T.Q.Nguyen,Urochloa distachya,Poaceae
Urochloa kurzii (Hook.f.) R.D.Webster,Urochloa kurzii,Poaceae
Urochloa polyphylla (R.Br.) R.D.Webster,Urochloa polyphylla,Poaceae
Urochloa whiteana (Domin) R.D.Webster,Urochloa whiteana,Poaceae
Whiteochloa capillipes (Benth.) Lazarides,Whiteochloa capillipes,Poaceae
Whiteochloa semitonsa (F.Muell. ex Benth.) C.E.Hubb.,Whiteochloa semitonsa,Poaceae
Yakirra majuscula (F.Muell. ex Benth.) Lazarides & R.D.Webster,Yakirra majuscula,Poaceae
Yakirra muelleri (Hughes) Lazarides & R.D.Webster,Yakirra muelleri,Poaceae
Yakirra pauciflora (R.Br.) Lazarides & R.D.Webster,Yakirra pauciflora,Poaceae
Yakirra websteri B.K.Simon,Yakirra websteri,Poaceae
Dapsilanthus elatior (R.Br.) B.G.Briggs & L.A.S.Johnson,Dapsilanthus elatior,Restionaceae
Lepyrodia anarthria F.Muell. ex Benth.,Lepyrodia anarthria,Restionaceae
Lepyrodia leptocaulis L.A.S.Johnson & O.D.Evans,Lepyrodia leptocaulis,Restionaceae
Sporadanthus caudatus (L.A.S.Johnson & O.D.Evans) B.G.Briggs & L.A.S.Johnson,Sporadanthus caudatus,Restionaceae
Xyris pusilla Sol. ex R.Br.,Xyris pusilla,Xyridaceae
Hibbertia bicarpellata Toelken,Hibbertia bicarpellata,Dilleniaceae
Hibbertia concinna F.M.Bailey,Hibbertia concinna,Dilleniaceae
Hibbertia cymosa S.T.Reynolds,Hibbertia cymosa,Dilleniaceae
Hibbertia echiifolia R.Br. ex Benth.,Hibbertia echiifolia,Dilleniaceae
Hibbertia eciliata Toelken,Hibbertia eciliata,Dilleniaceae
Hibbertia hendersonii S.T.Reynolds,Hibbertia hendersonii,Dilleniaceae
Hibbertia mediterranea Toelken,Hibbertia mediterranea,Dilleniaceae
Hibbertia millari F.M.Bailey,Hibbertia millari,Dilleniaceae
Hibbertia mulligana S.T.Reynolds,Hibbertia mulligana,Dilleniaceae
Hibbertia reticulata Toelken,Hibbertia reticulata,Dilleniaceae
Hibbertia rufociliata Toelken,Hibbertia rufociliata,Dilleniaceae
Hibbertia tenuifolia Toelken,Hibbertia tenuifolia,Dilleniaceae
Gonocarpus effusus Orchard,Gonocarpus effusus,Haloragaceae
Myriophyllum artesium Halford & Fensham,Myriophyllum artesium,Haloragaceae
Myriophyllum coronatum Meijden,Myriophyllum coronatum,Haloragaceae
Myriophyllum filiforme Benth.,Myriophyllum filiforme,Haloragaceae
Myriophyllum jacobsii M.L.Moody,Myriophyllum jacobsii,Haloragaceae
Myriophyllum muricatum Orchard,Myriophyllum muricatum,Haloragaceae
Trithuria lanterna D.A.Cooke,Trithuria lanterna,Hydatellaceae
Nymphaea alexii S.W.L.Jacobs & Hellq.,Nymphaea alexii,Nymphaeaceae
Nymphaea elleniae S.W.L.Jacobs,Nymphaea elleniae,Nymphaeaceae
Nymphaea noelae S.W.L.Jacobs & Hellq.,Nymphaea noelae,Nymphaeaceae
Nymphaea vaporalis S.W.L.Jacobs & Hellq.,Nymphaea vaporalis,Nymphaeaceae
Grevillea cyranostigma McGill.,Grevillea cyranostigma,Proteaceae
Hollandaea diabolica A.J.Ford & P.H.Weston,Hollandaea diabolica,Proteaceae
Persoonia daphnoides A.Cunn. ex R.Br.,Persoonia daphnoides,Proteaceae
Stephania renifolia Forman,Stephania renifolia,Menispermaceae
Lepidium muelleri-ferdinandi Thell.,Lepidium muelleri-ferdinandi,Brassicaceae
Lepidium peregrinum Thell.,Lepidium peregrinum,Brassicaceae
Lepidium sagittulatum Thell.,Lepidium sagittulatum,Brassicaceae
Microlepidium pilosulum F.Muell.,Microlepidium pilosulum,Brassicaceae
Rorippa dietrichiana Hewson,Rorippa dietrichiana,Brassicaceae
Capparis batianoffii Guymer,Capparis batianoffii,Capparaceae
Arivela limmenensis (P.S.Short) R.L.Barrett,Arivela limmenensis,Cleomaceae
Gyrostemon osmus Halford,Gyrostemon osmus,Gyrostemonaceae
Apatophyllum flavovirens A.R.Bean & Jessup,Apatophyllum flavovirens,Celastraceae
Apatophyllum olsenii McGill.,Apatophyllum olsenii,Celastraceae
Apatophyllum teretifolium A.R.Bean & Jessup,Apatophyllum teretifolium,Celastraceae
Salacia erythrocarpa K.Schum.,Salacia erythrocarpa,Celastraceae
Sicyos undara I.Telford & P.Sebastian,Sicyos undara,Cucurbitaceae
Zehneria erythrobacca W.J.de Wilde & Duyfjes,Zehneria erythrobacca,Cucurbitaceae
Zehneria mucronata (Blume) Miq.,Zehneria mucronata,Cucurbitaceae
Acacia abbatiana Pedley,Acacia abbatiana,Fabaceae
Acacia arbiana Pedley,Acacia arbiana,Fabaceae
Acacia argentina Pedley,Acacia argentina,Fabaceae
Acacia argyrotricha Pedley,Acacia argyrotricha,Fabaceae
Acacia armillata (Pedley) Pedley,Acacia armillata,Fabaceae
Acacia centrinervia Maiden & Blakely,Acacia centrinervia,Fabaceae
Acacia deuteroneura Pedley,Acacia deuteroneura,Fabaceae
Acacia eremophiloides Pedley & P.I.Forst.,Acacia eremophiloides,Fabaceae
Acacia fodinalis Pedley,Acacia fodinalis,Fabaceae
Acacia holotricha Pedley,Acacia holotricha,Fabaceae
Acacia johannis Pedley,Acacia johannis,Fabaceae
Acacia malloclada Maiden & Blakely,Acacia malloclada,Fabaceae
Acacia microcybe Pedley,Acacia microcybe,Fabaceae
Acacia porcata P.I.Forst.,Acacia porcata,Fabaceae
Acacia rubricaulis Pedley,Acacia rubricaulis,Fabaceae
Acacia rubricola Pedley,Acacia rubricola,Fabaceae
Acacia tingoorensis Pedley,Acacia tingoorensis,Fabaceae
Acacia webbii Pedley,Acacia webbii,Fabaceae
Albizia carrii Kanis,Albizia carrii,Fabaceae
Aphyllodium latifolium Pedley,Aphyllodium latifolium,Fabaceae
Bossiaea obovata I.Thomps.,Bossiaea obovata,Fabaceae
Cajanus mareebensis (S.T.Reynolds & Pedley) Maesen,Cajanus mareebensis,Fabaceae
Chamaecrista deserti Pedley,Chamaecrista deserti,Fabaceae
Chamaecrista exigua Pedley,Chamaecrista exigua,Fabaceae
Chamaecrista longipes (Domin) Pedley,Chamaecrista longipes,Fabaceae
Codariocalyx microphyllus (Thunb.) H.Ohashi,Codariocalyx microphyllus,Fabaceae
Crotalaria humifusa Graham ex Benth.,Crotalaria humifusa,Fabaceae
Crotalaria inaequalis A.E.Holland,Crotalaria inaequalis,Fabaceae
Crudia papuana Kosterm.,Crudia papuana,Fabaceae
Cullen spicigerum (Domin) A.E.Holland,Cullen spicigerum,Fabaceae
Daviesia quoquoversus Crisp,Daviesia quoquoversus,Fabaceae
Derris rubrocalyx Verdc.,Derris rubrocalyx,Fabaceae
Desmodium tenax Schindl.,Desmodium tenax,Fabaceae
Glycine curvata Tindale,Glycine curvata,Fabaceae
Glycine syndetika B.E.Pfeil & Craven,Glycine syndetika,Fabaceae
Goodia parviflora I.Thomps.,Goodia parviflora,Fabaceae
Grona hannii (Schindl.) H.Ohashi & K.Ohashi,Grona hannii,Fabaceae
Grona pycnotricha (Pedley) H.Ohashi & K.Ohashi,Grona pycnotricha,Fabaceae
Indigofera glandulosa J.C.Wendl.,Indigofera glandulosa,Fabaceae
Indigofera haematica Peter G.Wilson,Indigofera haematica,Fabaceae
Indigofera oxyrachis Peter G.Wilson,Indigofera oxyrachis,Fabaceae
Indigofera polyclada Peter G.Wilson & Rowe,Indigofera polyclada,Fabaceae
Indigofera scabrella Kazandj. & Peter G.Wilson,Indigofera scabrella,Fabaceae
Indigofera triflora Peter G.Wilson & Rowe,Indigofera triflora,Fabaceae
Indigofera wannanii Peter G.Wilson,Indigofera wannanii,Fabaceae
Jacksonia vernicosa F.Muell. ex Benth.,Jacksonia vernicosa,Fabaceae
Labichea digitata Benth.,Labichea digitata,Fabaceae
Labichea mulliganensis A.R.Bean,Labichea mulliganensis,Fabaceae
Muelleranthus parvalatus I.Thomps.,Muelleranthus parvalatus,Fabaceae
Plagiocarpus arcuatus I.Thomps.,Plagiocarpus arcuatus,Fabaceae
Pultenaea bracteamajor de Kok,Pultenaea bracteamajor,Fabaceae
Pultenaea bracteaminor de Kok,Pultenaea bracteaminor,Fabaceae
Pultenaea rariflora de Kok,Pultenaea rariflora,Fabaceae
Rothia indica (L.) Druce,Rothia indica,Fabaceae
Sesbania burbidgeae C.L.Gross,Sesbania burbidgeae,Fabaceae
Swainsona bracteata (Maiden & Betche) Joy Thomps.,Swainsona bracteata,Fabaceae
Tephrosia delicatula Pedley,Tephrosia delicatula,Fabaceae
Tephrosia flammea F.Muell. ex Benth.,Tephrosia flammea,Fabaceae
Tephrosia leveillei Domin,Tephrosia leveillei,Fabaceae
Tephrosia macrocarpa Benth.,Tephrosia macrocarpa,Fabaceae
Tephrosia pumila (Lam.) Pers.,Tephrosia pumila,Fabaceae
Tephrosia timoriensis DC.,Tephrosia timoriensis,Fabaceae
Vachellia clarksoniana (Pedley) Kodela,Vachellia clarksoniana,Fabaceae
Vachellia ditricha (Pedley) Kodela,Vachellia ditricha,Fabaceae
Zornia macdonaldii A.E.Holland,Zornia macdonaldii,Fabaceae
Zornia pallida Mohlenbr.,Zornia pallida,Fabaceae
Comesperma albimontanense A.J.Ford & Halford,Comesperma albimontanense,Polygalaceae
Comesperma praecelsum F.Muell.,Comesperma praecelsum,Polygalaceae
Comesperma rhyoliticum A.J.Ford & Halford,Comesperma rhyoliticum,Polygalaceae
Polygala barklyensis R.A.Kerrigan,Polygala barklyensis,Polygalaceae
Polygala crassitesta R.A.Kerrigan,Polygala crassitesta,Polygalaceae
Polygala dependens R.A.Kerrigan,Polygala dependens,Polygalaceae
Polygala difficilis R.A.Kerrigan,Polygala difficilis,Polygalaceae
Polygala gabrielae Domin,Polygala gabrielae,Polygalaceae
Polygala glaucoides L.,Polygala glaucoides,Polygalaceae
Polygala macrobotrya Domin,Polygala macrobotrya,Polygalaceae
Polygala pendulina R.A.Kerrigan,Polygala pendulina,Polygalaceae
Polygala persicariifolia DC.,Polygala persicariifolia,Polygalaceae
Polygala polifolia C.Presl,Polygala polifolia,Polygalaceae
Polygala pterocarpa R.A.Kerrigan,Polygala pterocarpa,Polygalaceae
Polygala pycnantha R.A.Kerrigan,Polygala pycnantha,Polygalaceae
Polygala rhinanthoides Sol. ex Benth.,Polygala rhinanthoides,Polygalaceae
Polygala scorpioides R.A.Kerrigan,Polygala scorpioides,Polygalaceae
Baileyoxylon lanceolatum C.T.White,Baileyoxylon lanceolatum,Achariaceae
Bergia diacheiron Verdon ex G.J.Leach,Bergia diacheiron,Elatinaceae
Bergia pusilla Benth.,Bergia pusilla,Elatinaceae
Acalypha lanceolata Willd.,Acalypha lanceolata,Euphorbiaceae
Bertya calycina Halford & R.J.F.Hend.,Bertya calycina,Euphorbiaceae
Bertya ernestiana Halford & R.J.F.Hend.,Bertya ernestiana,Euphorbiaceae
Bertya granitica Halford & R.J.F.Hend.,Bertya granitica,Euphorbiaceae
Bertya lapicola Halford & R.J.F.Hend.,Bertya lapicola,Euphorbiaceae
Croton brachypus Airy Shaw,Croton brachypus,Euphorbiaceae
Croton choristadenius K.Schum.,Croton choristadenius,Euphorbiaceae
Croton dichromifolius P.I.Forst.,Croton dichromifolius,Euphorbiaceae
Croton lucens P.I.Forst.,Croton lucens,Euphorbiaceae
Croton minimus P.I.Forst.,Croton minimus,Euphorbiaceae
Croton rarus P.I.Forst.,Croton rarus,Euphorbiaceae
Croton simulans P.I.Forst.,Croton simulans,Euphorbiaceae
Croton waterhouseae P.I.Forst.,Croton waterhouseae,Euphorbiaceae
Euphorbia accedens Halford & W.K.Harris,Euphorbia accedens,Euphorbiaceae
Euphorbia crassimarginata Halford & W.K.Harris,Euphorbia crassimarginata,Euphorbiaceae
Euphorbia hassallii Halford & W.K.Harris,Euphorbia hassallii,Euphorbiaceae
Euphorbia laciniloba Halford & W.K.Harris,Euphorbia laciniloba,Euphorbiaceae
Euphorbia macdonaldii Halford & W.K.Harris,Euphorbia macdonaldii,Euphorbiaceae
Euphorbia obliqua Endl.,Euphorbia obliqua,Euphorbiaceae
Euphorbia operta Halford & W.K.Harris,Euphorbia operta,Euphorbiaceae
Euphorbia ophiolitica (P.I.Forst.) Ya Yang,Euphorbia ophiolitica,Euphorbiaceae
Euphorbia papillata Halford & W.K.Harris,Euphorbia papillata,Euphorbiaceae
Euphorbia papillifolia Halford & W.K.Harris,Euphorbia papillifolia,Euphorbiaceae
Euphorbia petala Ewart & L.R.Kerr,Euphorbia petala,Euphorbiaceae
Euphorbia thelephora Halford & W.K.Harris,Euphorbia thelephora,Euphorbiaceae
Fontainea fugax P.I.Forst.,Fontainea fugax,Euphorbiaceae
Mallotus pleiogynus Pax & K.Hoffm.,Mallotus pleiogynus,Euphorbiaceae
Pimelodendron amboinicum Hassk.,Pimelodendron amboinicum,Euphorbiaceae
Ricinocarpos crispatus Halford & R.J.F.Hend.,Ricinocarpos crispatus,Euphorbiaceae
Ricinocarpos ruminatus Halford & R.J.F.Hend.,Ricinocarpos ruminatus,Euphorbiaceae
Ricinocarpos verrucosus Halford & R.J.F.Hend.,Ricinocarpos verrucosus,Euphorbiaceae
Shonia carinata Halford & R.J.F.Hend.,Shonia carinata,Euphorbiaceae
Stigmaphyllon mariae C.E.Anderson,Stigmaphyllon mariae,Malpighiaceae
Actephila bella P.I.Forst.,Actephila bella,Phyllanthaceae
Actephila flavescens P.I.Forst.,Actephila flavescens,Phyllanthaceae
Bridelia finalis P.I.Forst.,Bridelia finalis,Phyllanthaceae
Glochidion barronense Airy Shaw,Glochidion barronense,Phyllanthaceae
Glochidion pruinosum Airy Shaw,Glochidion pruinosum,Phyllanthaceae
Phyllanthus involutus J.T.Hunter & J.J.Bruhl,Phyllanthus involutus,Phyllanthaceae
Phyllanthus praelongipes Airy Shaw & G.L.Webster,Phyllanthus praelongipes,Phyllanthaceae
Phyllanthus sulcatus J.T.Hunter & J.J.Bruhl,Phyllanthus sulcatus,Phyllanthaceae
Phyllanthus trachygyne Benth.,Phyllanthus trachygyne,Phyllanthaceae
Sauropus decrescentifolius J.T.Hunter & J.J.Bruhl,Sauropus decrescentifolius,Phyllanthaceae
Sauropus rigidulus (Müll.Arg.) Airy Shaw,Sauropus rigidulus,Phyllanthaceae
Synostemon aphyllus (J.T.Hunter & J.J.Bruhl) I.Telford & Pruesapan,Synostemon aphyllus,Phyllanthaceae
Synostemon podenzanae (S.Moore) I.Telford & Pruesapan,Synostemon podenzanae,Phyllanthaceae
Synostemon spinosus I.Telford & J.J.Bruhl,Synostemon spinosus,Phyllanthaceae
Drypetes acuminata P.I.Forst.,Drypetes acuminata,Putranjivaceae
Casearia grayi Jessup,Casearia grayi,Salicaceae
Xylosma ovata Benth.,Xylosma ovata,Salicaceae
Abutilon fugax Domin,Abutilon fugax,Malvaceae
Abutilon persicum (Burm.f.) Merr.,Abutilon persicum,Malvaceae
Abutilon tubulosum (Hook.) Walp.,Abutilon tubulosum,Malvaceae
Androcalva argentea (Guymer) C.F.Wilkins & Whitlock,Androcalva argentea,Malvaceae
Androcalva beeronensis (Guymer) C.F.Wilkins & Whitlock,Androcalva beeronensis,Malvaceae
Androcalva inglewoodensis (Guymer) C.F.Wilkins & Whitlock,Androcalva inglewoodensis,Malvaceae
Androcalva leiperi (Guymer) C.F.Wilkins & Whitlock,Androcalva leiperi,Malvaceae
Androcalva pearnii (Guymer) C.F.Wilkins & Whitlock,Androcalva pearnii,Malvaceae
Androcalva reticulata (Guymer) C.F.Wilkins & Whitlock,Androcalva reticulata,Malvaceae
Berrya rotundifolia (Benth.) Domin,Berrya rotundifolia,Malvaceae
Brownlowia argentata Kurz,Brownlowia argentata,Malvaceae
Corchorus capsularis L.,Corchorus capsularis,Malvaceae
Corchorus tomentellus F.Muell.,Corchorus tomentellus,Malvaceae
Hibiscus fluvialis Juswara & Craven,Hibiscus fluvialis,Malvaceae
Hibiscus saponarius Craven,Hibiscus saponarius,Malvaceae
Lawrencia buchananensis Lander,Lawrencia buchananensis,Malvaceae
Malvastrum chillagoense Domin,Malvastrum chillagoense,Malvaceae
Melhania ovata (Cav.) Spreng.,Melhania ovata,Malvaceae
Seringia adenolasia F.Muell.,Seringia adenolasia,Malvaceae
Sida argentea F.M.Bailey,Sida argentea,Malvaceae
Sida brachypoda F.Muell. ex A.E.Holland & S.T.Reynolds,Sida brachypoda,Malvaceae
Sida pleiantha Benth.,Sida pleiantha,Malvaceae
Sida pusilla Cav.,Sida pusilla,Malvaceae
Sida spenceriana F.Muell.,Sida spenceriana,Malvaceae
Triumfetta mellina Halford,Triumfetta mellina,Malvaceae
Triumfetta triandra Sprague & Hutch.,Triumfetta triandra,Malvaceae
Jedda multicaulis J.R.Clarkson,Jedda multicaulis,Thymelaeaceae
Pimelea approximans A.R.Bean,Pimelea approximans,Thymelaeaceae
Pimelea fugiens A.R.Bean,Pimelea fugiens,Thymelaeaceae
Pimelea leptostachya Benth.,Pimelea leptostachya,Thymelaeaceae
Pimelea mollis A.R.Bean,Pimelea mollis,Thymelaeaceae
Pimelea penicillaris F.Muell.,Pimelea penicillaris,Thymelaeaceae
Pimelea plurinervia A.R.Bean,Pimelea plurinervia,Thymelaeaceae
Pimelea rupestris A.R.Bean,Pimelea rupestris,Thymelaeaceae
Dansiea grandiflora Pedley,Dansiea grandiflora,Combretaceae
Terminalia prostrata Pedley,Terminalia prostrata,Combretaceae
Ammannia auriculata Willd.,Ammannia auriculata,Lythraceae
Ammannia crinipes F.Muell.,Ammannia crinipes,Lythraceae
Lythrum wilsonii Hewson,Lythrum wilsonii,Lythraceae
Memecylon hylandii Whiffin,Memecylon hylandii,Melastomataceae
Poikilogyne cordifolia (Cogn.) Mansf.,Poikilogyne cordifolia,Melastomataceae
Baeckea trapeza A.R.Bean,Baeckea trapeza,Myrtaceae
Callistemon lazaridis (Craven) Udovicic & R.D.Spencer,Callistemon lazaridis,Myrtaceae
Callistemon montis-zamia (Craven) Udovicic & R.D.Spencer,Callistemon montis-zamia,Myrtaceae
Callistemon phratra (Craven) Udovicic & R.D.Spencer,Callistemon phratra,Myrtaceae
Callistemon sabrina (Craven) Udovicic & R.D.Spencer,Callistemon sabrina,Myrtaceae
Calytrix islensis Craven,Calytrix islensis,Myrtaceae
Eucalyptus elegans A.R.Bean,Eucalyptus elegans,Myrtaceae
Gossia byrnesii N.Snow & Guymer,Gossia byrnesii,Myrtaceae
Homoranthus coracinus A.R.Bean,Homoranthus coracinus,Myrtaceae
Homoranthus tricolor A.R.Bean,Homoranthus tricolor,Myrtaceae
Kardomia granitica (A.R.Bean) Peter G.Wilson,Kardomia granitica,Myrtaceae
Kunzea caduca Toelken,Kunzea caduca,Myrtaceae
Kunzea calida F.Muell.,Kunzea calida,Myrtaceae
Kunzea sericothrix Toelken,Kunzea sericothrix,Myrtaceae
Kunzea truncata Toelken,Kunzea truncata,Myrtaceae
Lithomyrtus hypoleuca F.Muell. ex N.Snow & Guymer,Lithomyrtus hypoleuca,Myrtaceae
Melaleuca comosa A.R.Bean,Melaleuca comosa,Myrtaceae
Melaleuca kunzeoides Byrnes,Melaleuca kunzeoides,Myrtaceae
Micromyrtus albicans A.R.Bean,Micromyrtus albicans,Myrtaceae
Micromyrtus capricornia A.R.Bean,Micromyrtus capricornia,Myrtaceae
Micromyrtus gracilis A.R.Bean,Micromyrtus gracilis,Myrtaceae
Micromyrtus rotundifolia A.R.Bean,Micromyrtus rotundifolia,Myrtaceae
Micromyrtus vernicosa A.R.Bean,Micromyrtus vernicosa,Myrtaceae
Neofabricia sericisepala J.R.Clarkson & J.Thomps.,Neofabricia sericisepala,Myrtaceae
Ochrosperma obovatum A.R.Bean,Ochrosperma obovatum,Myrtaceae
Pilidiostigma sessile N.Snow,Pilidiostigma sessile,Myrtaceae
Rhodamnia hylandii N.Snow,Rhodamnia hylandii,Myrtaceae
Sannantha brachypoda (A.R.Bean) Peter G.Wilson,Sannantha brachypoda,Myrtaceae
Syzygium amplum T.G.Hartley & L.M.Perry,Syzygium amplum,Myrtaceae
Triplarina calophylla A.R.Bean,Triplarina calophylla,Myrtaceae
Triplarina nitchaga A.R.Bean,Triplarina nitchaga,Myrtaceae
Triplarina paludosa A.R.Bean,Triplarina paludosa,Myrtaceae
Ceratopetalum corymbosum C.T.White,Ceratopetalum corymbosum,Cunoniaceae
Ceratopetalum iugumense Rozefelds & R.W.Barnes,Ceratopetalum iugumense,Cunoniaceae
Elaeocarpus michaelii C.T.White,Elaeocarpus michaelii,Elaeocarpaceae
Celtis hildebrandii Soepadmo,Celtis hildebrandii,Cannabaceae
Ficus melinocarpa Blume,Ficus melinocarpa,Moraceae
Cryptandra filiformis A.R.Bean,Cryptandra filiformis,Rhamnaceae
Polianthion minutiflorum (E.M.Ross) K.R.Thiele,Polianthion minutiflorum,Rhamnaceae
Pomaderris clivicola E.M.Ross,Pomaderris clivicola,Rhamnaceae
Pomaderris coomingalensis N.G.Walsh & Coates,Pomaderris coomingalensis,Rhamnaceae
Pomaderris graniticola (N.G.Walsh & Coates) K.L.McDougall & Millott,Pomaderris graniticola,Rhamnaceae
Stenanthemum argenteum A.R.Bean,Stenanthemum argenteum,Rhamnaceae
Ziziphus timoriensis DC.,Ziziphus timoriensis,Rhamnaceae
Dendrocnide corallodesme (Lauterb.) Chew,Dendrocnide corallodesme,Urticaceae
Pouzolzia hirta (Blume) Hassk.,Pouzolzia hirta,Urticaceae
Canarium indicum L.,Canarium indicum,Burseraceae
Aglaia brassii Merr. & L.M.Perry,Aglaia brassii,Meliaceae
Aglaia cooperae Pannell,Aglaia cooperae,Meliaceae
Aglaia silvestris (M.Roem.) Merr.,Aglaia silvestris,Meliaceae
Aglaia spectabilis (Miq.) S.S.Jain & Bennet,Aglaia spectabilis,Meliaceae
Boronia beeronensis Duretto,Boronia beeronensis,Rutaceae
Boronia bella Duretto,Boronia bella,Rutaceae
Boronia foetida Duretto,Boronia foetida,Rutaceae
Boronia hoipolloi Duretto,Boronia hoipolloi,Rutaceae
Boronia jensziae Duretto,Boronia jensziae,Rutaceae
Boronia montimulliganensis Duretto,Boronia montimulliganensis,Rutaceae
Boronia squamipetala Duretto,Boronia squamipetala,Rutaceae
Boronia yarrowmerensis Duretto,Boronia yarrowmerensis,Rutaceae
Drummondita calida (F.Muell.) Paul G.Wilson,Drummondita calida,Rutaceae
Medicosma heterophylla T.G.Hartley,Medicosma heterophylla,Rutaceae
Medicosma mulgraveana T.G.Hartley,Medicosma mulgraveana,Rutaceae
Philotheca acrolopha Paul G.Wilson,Philotheca acrolopha,Rutaceae
Philotheca cuticularis Paul G.Wilson,Philotheca cuticularis,Rutaceae
Zanthoxylum parviflorum Benth.,Zanthoxylum parviflorum,Rutaceae
Zieria boolbunda Duretto & P.I.Forst.,Zieria boolbunda,Rutaceae
Zieria cephalophila Duretto & P.I.Forst.,Zieria cephalophila,Rutaceae
Zieria distans Duretto & P.I.Forst.,Zieria distans,Rutaceae
Zieria hydroscopica Duretto & P.I.Forst.,Zieria hydroscopica,Rutaceae
Zieria inexpectata Duretto & P.I.Forst.,Zieria inexpectata,Rutaceae
Zieria tenuis Duretto & P.I.Forst.,Zieria tenuis,Rutaceae
Zieria vagans Duretto & P.I.Forst.,Zieria vagans,Rutaceae
Alectryon repandodentatus Radlk.,Alectryon repandodentatus,Sapindaceae
Arytera lineosquamulata H.Turner,Arytera lineosquamulata,Sapindaceae
Atalaya australiana Leenh.,Atalaya australiana,Sapindaceae
Atalaya collina S.T.Reynolds,Atalaya collina,Sapindaceae
Atalaya oligoclada S.T.Reynolds,Atalaya oligoclada,Sapindaceae
Dodonaea barklyana (S.T.Reynolds) M.G.Harr.,Dodonaea barklyana,Sapindaceae
Dodonaea intricata J.G.West,Dodonaea intricata,Sapindaceae
Dodonaea malvacea (Domin) M.G.Harr.,Dodonaea malvacea,Sapindaceae
Guioa comesperma Radlk.,Guioa comesperma,Sapindaceae
Guioa sarcopterifructa Welzen,Guioa sarcopterifructa,Sapindaceae
Jagera javanica (Blume) Blume ex Kalkman,Jagera javanica,Sapindaceae
Lepisanthes senegalensis (Juss. ex Poir.) Leenh.,Lepisanthes senegalensis,Sapindaceae
Rhysotoechia florulenta S.T.Reynolds,Rhysotoechia florulenta,Sapindaceae
Sarcopteryx acuminata S.T.Reynolds,Sarcopteryx acuminata,Sapindaceae
Serjania exarata Radlk.,Serjania exarata,Sapindaceae
Tristiropsis canarioides Boerl. ex Valeton,Tristiropsis canarioides,Sapindaceae
Cissus aristata Blume,Cissus aristata,Vitaceae
Tetrastigma pisicarpum (Zipp. ex Miq.) Planch.,Tetrastigma pisicarpum,Vitaceae
Roepera humillima (M.Koch ex Tate) Beier & Thulin,Roepera humillima,Zygophyllaceae
Tribulus minutus Leichh. ex Benth.,Tribulus minutus,Zygophyllaceae
Amyema seemeniana (K.Schum.) Danser,Amyema seemeniana,Loranthaceae
Anacolosa papuana G.Schellenb.,Anacolosa papuana,Olacaceae
Olax aphylla R.Br.,Olax aphylla,Olacaceae
Cyathea exilis Holttum,Cyathea exilis,Cyatheaceae
Cyathea felina (Roxb.) C.V.Morton,Cyathea felina,Cyatheaceae
Crepidomanes humile (G.Forst.) Bosch,Crepidomanes humile,Hymenophyllaceae
Crepidomanes majoriae (Watts) N.A.Wakef.,Crepidomanes majoriae,Hymenophyllaceae
Didymoglossum mindorense (Christ) Ebihara & K.Iwats.,Didymoglossum mindorense,Hymenophyllaceae
Hymenophyllum digitatum (Sw.) Fosberg,Hymenophyllum digitatum,Hymenophyllaceae
Hymenophyllum gracilescens Domin,Hymenophyllum gracilescens,Hymenophyllaceae
Hymenophyllum kerianum Watts,Hymenophyllum kerianum,Hymenophyllaceae
Hymenophyllum subdimidiatum Rosenst.,Hymenophyllum subdimidiatum,Hymenophyllaceae
Asplenium normale D.Don,Asplenium normale,Aspleniaceae
Blechnum dissectum (Parris) Christenh.,Blechnum dissectum,Blechnaceae
Blechnum whelanii F.M.Bailey,Blechnum whelanii,Blechnaceae
Humata pectinata (Sm.) Desv.,Humata pectinata,Davalliaceae
"Lastreopsis dissecta (C.T.White & Goy) Labiak, Sundue & R.C.Moran",Lastreopsis dissecta,Dryopteridaceae
Lastreopsis tinarooensis Tindale,Lastreopsis tinarooensis,Dryopteridaceae
Lastreopsis windsorensis D.L.Jones & B.Gray,Lastreopsis windsorensis,Dryopteridaceae
Ctenopterella blechnoides (Grev.) Parris,Ctenopterella blechnoides,Grammitidaceae
Oreogrammitis leonardii (Parris) Parris,Oreogrammitis leonardii,Grammitidaceae
Oreogrammitis reinwardtii (Blume) Parris,Oreogrammitis reinwardtii,Grammitidaceae
Lindsaea pulchella Mett. ex Kuhn,Lindsaea pulchella,Lindsaeaceae
Calymmodon luerssenianus (Domin) Copel.,Calymmodon luerssenianus,Polypodiaceae
Ctenopteris walleri (Maiden & Betche) S.B.Andrews,Ctenopteris walleri,Polypodiaceae
Microsorum maximum (Brack.) Copel.,Microsorum maximum,Polypodiaceae
Amphineuron immersum (Blume) Holttum,Amphineuron immersum,Thelypteridaceae
Amphineuron queenslandicum Holttum,Amphineuron queenslandicum,Thelypteridaceae
Thelypteris confluens (Thunb.) C.V.Morton,Thelypteris confluens,Thelypteridaceae
Diplazium bostockii D.L.Jones,Diplazium bostockii,Woodsiaceae
Antrophyum jagoanum D.L.Jones & Bostock,Antrophyum jagoanum,Pteridaceae
Calciphilopteris ludens (Wall. ex Hook.) Yesilyurt & H.Schneider,Calciphilopteris ludens,Pteridaceae
Cheilanthes praetermissa D.L.Jones,Cheilanthes praetermissa,Pteridaceae
Pteris orientalis Alderw.,Pteris orientalis,Pteridaceae
Actinostachys wagneri (Selling) C.F.Reed,Actinostachys wagneri,Schizaeaceae
